# A7 · baseline de hits de los patrones B7 sobre v0 (tag v0), generada 2026-08-16.
# Uso: regenerar sobre la versión candidata con la misma lógica (cuerpo sin frontmatter; regex de biblia/b7-patrones-A.txt y biblia/b7-patrones-B.txt, una expresión -E por línea, case-insensitive) y listar a A7 solo las filas NUEVAS o MODIFICADAS.
# Un hit no es una falta (B7 §3). Nivel A = lectura obligatoria de A7 si es nuevo; nivel B = lectura si el capítulo es disparador o la línea menciona a Jean/Koppangen/26-nov.
# Falso positivo conocido de nivel B: «Cuchillo» como nombre de continuidad (caps. 13, 15, 17, 30, 36, 38); filtrar \bCuchillo\b con distinción de mayúsculas antes de listar.
nivel	fichero	linea	patron	texto
A	00-aviso.md	10	suicid	Esta novela trata el suicidio de un personaje y el duelo de su familia. El acto no se describe en ninguna página. Si en algún momento la lectura te resulta difícil, o si tú o alguien cercano está pasando por una crisis, al final del libro encontrarás recursos de ayuda.
A	99-recursos.md	10	suicid	Si tú o alguien cercano atraviesa una crisis o tiene pensamientos suicidas, pide ayuda. Hablar con alguien de confianza, con tu médico o con un servicio de urgencias es un primer paso.
A	99-recursos.md	12	suicid	- **España:** 024, línea de atención a la conducta suicida (24 horas, gratuita y confidencial). Teléfono de la Esperanza: 717 003 717. En una emergencia, 112.
B	cap-02.md	27	cuerda|\bcabo\b|cuchillo|navaja|cuchilla|\bhoja\b|\barma\b|\bcoche\b|\bgas\b|escape|ferry|naust|\bagua\b|\bmar\b|fiordo|hielo|fr[íi]o|acantilado|puente|carretera|Koppangen|\bUNN\b	En el pasillo, alguien caminó hacia el ascensor con un paraguas abierto a medias. El agua dejó manchas oscuras sobre la moqueta. Jean siguió el rastro hasta que desapareció fuera de su campo de visión.
A	cap-02.md	107	sobredosis|pastill|f[áa]rmac|medicaci|medicament|veneno|soga|dosis || hacer(se|te|me) da[ñn]o|ideaci[óo]n|sufri|sin dolor|no sufr	EDDA cambió de bloque. Jean lo reconoció por el tono idéntico y por el orden de las preguntas. Relaciones de apoyo. Consumo de alcohol. Medicación. Ideación. El sistema no necesitaba variar la voz para fingir tacto porque no fingía nada. Aplicaba el protocolo con la misma cortesía que usaba para reservar una sala.
A	cap-02.md	109	sobredosis|pastill|f[áa]rmac|medicaci|medicament|veneno|soga|dosis	Jean respondió sin mentir. Bebía poco. No tomaba medicación. Conservaba vínculos familiares. Había acudido a todas las sesiones indicadas por salud laboral. No añadía nada que no le hubieran preguntado.
A	cap-02.md	111	descans|\bpaz\b|liberaci|liber[óo]|alivio|por fin|al fin\b|l[óo]gic|coherente con ella|valiente|cobard|ego[íi]s|d[ée]bil|no pudo m[áa]s|mejor as[íi]|mejor muerta || hacer(se|te|me) da[ñn]o|ideaci[óo]n|sufri|sin dolor|no sufr	—¿Has pensado que estarías mejor muerta o en hacerte daño?
A	cap-02.md	115	hacer(se|te|me) da[ñn]o|ideaci[óo]n|sufri|sin dolor|no sufr	—No voy a hacerme daño en el trabajo.
A	cap-02.md	143	descans|\bpaz\b|liberaci|liber[óo]|alivio|por fin|al fin\b|l[óo]gic|coherente con ella|valiente|cobard|ego[íi]s|d[ée]bil|no pudo m[áa]s|mejor as[íi]|mejor muerta	Jean conocía aquella pregunta. La había considerado débil porque dependía demasiado de la cultura, los horarios y la convivencia. El equipo clínico la defendió. Una respuesta concreta aportaba más que seis escalas de satisfacción, dijeron.
A	cap-02.md	145	descans|\bpaz\b|liberaci|liber[óo]|alivio|por fin|al fin\b|l[óo]gic|coherente con ella|valiente|cobard|ego[íi]s|d[ée]bil|no pudo m[áa]s|mejor as[íi]|mejor muerta	La respuesta verdadera estaba entre las cuatro y las cinco de la madrugada, cuando ya no tenía obligación de dormir y aún no debía levantarse. En el piso quieto ya no fingía que el descanso llegaría si mantenía los ojos cerrados.
B	cap-02.md	203	explica|fases del duelo|superar|cerrar el duelo|pasar p[áa]gina|seguir adelante|sanar|curar|se[ñn]ales|pod[íi]ais haber|si hubier|deber[íi]ais	En 2058, durante la conferencia de la ACM, una mujer la había presentado como «la visionaria detrás de SYNVEV». Jean pasó veinte minutos en el escenario explicando límites mientras el auditorio aplaudía posibilidades. Después encontró la palabra visionaria impresa en una pantalla del vestíbulo y le supo a ceniza, igual que el café que llevaba horas en la jarra. Aún recibía invitaciones que empezaban citando aquella presentación y acababan pidiéndole futuros que nunca había prometido.
B	cap-02.md	205	explica|fases del duelo|superar|cerrar el duelo|pasar p[áa]gina|seguir adelante|sanar|curar|se[ñn]ales|pod[íi]ais haber|si hubier|deber[íi]ais	En la segunda ráfaga térmica, la sexta unidad repitió dos errores corregibles. Jean la apartó para revisión, adjuntó los ocho segundos relevantes del registro y ordenó al laboratorio que reprodujese la prueba. Las otras ocho superaron el protocolo y el sistema repartió su aprobación entre fabricación, seguridad y archivo.
A	cap-02.md	217	Despedida|nota de despedida|carta de despedida|mensaje de despedida|adi[óo]s|[úu]ltimo mensaje|[úu]ltima frase|[úu]ltimas palabras	Al abrir la carpeta personal apareció el nombre de un archivo: «Despedida». Jean dejó el cursor encima sin abrirlo. El carro de limpieza pasó por el pasillo; una rueda golpeaba cada junta del suelo y alguien pidió permiso para entrar en el despacho contiguo.
B	cap-02.md	221	alcohol|beb[ií]|borrach|fumar|porro|droga|cortarse|se cort[óo]|autolesi|vomit|dej[óo] de comer|no com[íi]a|adelgaz	La unidad derivada a laboratorio seguía en el compartimento de incidencias. La etiqueta empezaba a despegarse por una esquina. Jean buscó otra en el cajón, encontró el rollo vacío y anotó la referencia a mano. La tinta se cortó a mitad del último número.
B	cap-03.md	57	explica|fases del duelo|superar|cerrar el duelo|pasar p[áa]gina|seguir adelante|sanar|curar|se[ñn]ales|pod[íi]ais haber|si hubier|deber[íi]ais	—EDDA ha hecho lo previsto. Ya sé que conoces el cuestionario mejor que yo y no voy a fingir que una cifra explica esto. Pero tampoco voy a discutirlo contigo.
A	cap-03.md	75	descans|\bpaz\b|liberaci|liber[óo]|alivio|por fin|al fin\b|l[óo]gic|coherente con ella|valiente|cobard|ego[íi]s|d[ée]bil|no pudo m[áa]s|mejor as[íi]|mejor muerta	—Me han asignado una reunión presupuestaria a las nueve y media del lunes —dijo al fin.
B	cap-03.md	79	alcohol|beb[ií]|borrach|fumar|porro|droga|cortarse|se cort[óo]|autolesi|vomit|dej[óo] de comer|no com[íi]a|adelgaz	Jean bebió. El café estaba demasiado caliente y demasiado aguado, una combinación que la máquina llevaba años perfeccionando.
A	cap-03.md	123	hacer(se|te|me) da[ñn]o|ideaci[óo]n|sufri|sin dolor|no sufr	—Maja dice que necesita disciplina. Jessie quiere aprender a caer sin hacerse daño. Ninguna de las dos habla de lo mismo.
B	cap-03.md	181	explica|fases del duelo|superar|cerrar el duelo|pasar p[áa]gina|seguir adelante|sanar|curar|se[ñn]ales|pod[íi]ais haber|si hubier|deber[íi]ais	—Vas a tener que explicar eso.
B	cap-03.md	201	alcohol|beb[ií]|borrach|fumar|porro|droga|cortarse|se cort[óo]|autolesi|vomit|dej[óo] de comer|no com[íi]a|adelgaz	La risa se cortó antes de que Jean pudiera ocultarlo.
B	cap-03.md	233	perd[óo]n|lo siento|os quiero|te quiero|\bcuidad\b|\bcuidaos\b|prometo|no es culpa|no llor|s[ée] fuerte	—Perdona.
B	cap-03.md	235	perd[óo]n|lo siento|os quiero|te quiero|\bcuidad\b|\bcuidaos\b|prometo|no es culpa|no llor|s[ée] fuerte	—No tienes que pedirme perdón.
B	cap-03.md	305	alcohol|beb[ií]|borrach|fumar|porro|droga|cortarse|se cort[óo]|autolesi|vomit|dej[óo] de comer|no com[íi]a|adelgaz	Jean bebió el café tibio. Saldría del edificio sin el consejo ni las llamadas.
B	cap-04.md	19	cuerda|\bcabo\b|cuchillo|navaja|cuchilla|\bhoja\b|\barma\b|\bcoche\b|\bgas\b|escape|ferry|naust|\bagua\b|\bmar\b|fiordo|hielo|fr[íi]o|acantilado|puente|carretera|Koppangen|\bUNN\b	Jean permaneció delante del aire frío, con las llaves todavía en la mano.
A	cap-04.md	31	descans|\bpaz\b|liberaci|liber[óo]|alivio|por fin|al fin\b|l[óo]gic|coherente con ella|valiente|cobard|ego[íi]s|d[ée]bil|no pudo m[áa]s|mejor as[íi]|mejor muerta	En el piano seguía abierta una partitura de Nora. El lápiz descansaba atravesado sobre dos compases. Jean lo apartó para que no marcase el papel y bajó la tapa sin cerrarla del todo.
B	cap-04.md	47	cuerda|\bcabo\b|cuchillo|navaja|cuchilla|\bhoja\b|\barma\b|\bcoche\b|\bgas\b|escape|ferry|naust|\bagua\b|\bmar\b|fiordo|hielo|fr[íi]o|acantilado|puente|carretera|Koppangen|\bUNN\b	La bolsa estaba entre sus pies. Jean no recordaba haberla sacado del coche.
B	cap-04.md	49	cuerda|\bcabo\b|cuchillo|navaja|cuchilla|\bhoja\b|\barma\b|\bcoche\b|\bgas\b|escape|ferry|naust|\bagua\b|\bmar\b|fiordo|hielo|fr[íi]o|acantilado|puente|carretera|Koppangen|\bUNN\b || pecho|desnud|bes[óo]|\bbeso|guapa|labios|piernas|muslo|sujetador|ropa interior|\bsexo|sexual|novi[oa]s?\b	El ferry vibraba bajo las mesas. Jean compró café y un gofre envuelto en papel. Enfrente, un niño dormía sobre dos abrigos y había perdido una bota. Sus padres la buscaron sin discutir, levantando bolsas y piernas mientras él seguía con el calcetín al aire.
A	cap-04.md	59	atestado|forense|autopsia|cad[áa]ver|efectos personales|levantamiento|el cuerpo de Jean|la encontr	La encontraron detrás de una mochila. Jean sostuvo el gofre hasta que dejó de calentarle los dedos. Cuando la familia se levantó, la bota volvió a caer. Ella la recogió y se la tendió al padre.
A	cap-04.md	75	descans|\bpaz\b|liberaci|liber[óo]|alivio|por fin|al fin\b|l[óo]gic|coherente con ella|valiente|cobard|ego[íi]s|d[ée]bil|no pudo m[áa]s|mejor as[íi]|mejor muerta	La madre despegó por fin la pegatina de la manga. Era una estrella verde. La pegó en el dorso de la mano del niño, que la inspeccionó con seriedad y volvió a apoyar la cabeza en los abrigos.
B	cap-04.md	79	cuerda|\bcabo\b|cuchillo|navaja|cuchilla|\bhoja\b|\barma\b|\bcoche\b|\bgas\b|escape|ferry|naust|\bagua\b|\bmar\b|fiordo|hielo|fr[íi]o|acantilado|puente|carretera|Koppangen|\bUNN\b	Jean regresó a un coche que podía haber estado en la primera fila o en la tercera. El gofre siguió sin abrir en su bolsillo.
B	cap-04.md	95	cuerda|\bcabo\b|cuchillo|navaja|cuchilla|\bhoja\b|\barma\b|\bcoche\b|\bgas\b|escape|ferry|naust|\bagua\b|\bmar\b|fiordo|hielo|fr[íi]o|acantilado|puente|carretera|Koppangen|\bUNN\b	Cuando volvió a haber un nombre, fue Koppangen.
B	cap-04.md	99	cuerda|\bcabo\b|cuchillo|navaja|cuchilla|\bhoja\b|\barma\b|\bcoche\b|\bgas\b|escape|ferry|naust|\bagua\b|\bmar\b|fiordo|hielo|fr[íi]o|acantilado|puente|carretera|Koppangen|\bUNN\b	La puerta del naust se resistió en la bisagra vencida. Jean encontró la llave dentro de un bote de tornillos y empujó con el hombro. El olor a sal seguía prendido en las tablas. Había cuerdas rígidas, un guante sin pareja y una caja de anzuelos en la que su abuela materna guardaba también botones, monedas y cualquier pieza que no supiera tirar.
B	cap-04.md	101	cuerda|\bcabo\b|cuchillo|navaja|cuchilla|\bhoja\b|\barma\b|\bcoche\b|\bgas\b|escape|ferry|naust|\bagua\b|\bmar\b|fiordo|hielo|fr[íi]o|acantilado|puente|carretera|Koppangen|\bUNN\b	El interruptor estaba donde siempre, pero Jean palpó primero la tabla de al lado. La lámpara no respondió. Dejó la puerta abierta lo suficiente para distinguir el banco y apartó con el pie el rollo de cabo que invadía el paso.
B	cap-04.md	105	cuerda|\bcabo\b|cuchillo|navaja|cuchilla|\bhoja\b|\barma\b|\bcoche\b|\bgas\b|escape|ferry|naust|\bagua\b|\bmar\b|fiordo|hielo|fr[íi]o|acantilado|puente|carretera|Koppangen|\bUNN\b	El tejado nuevo dejaba caer serrín claro sobre el banco. Jean pasó un dedo por una muesca que había hecho de niña con el cuchillo del pescado. Su abuela le había quitado la herramienta, le había puesto una escoba en las manos y la había obligado a barrer todas las virutas antes de cenar. Jean recordó el recogedor abollado y que dejó una esquina sin limpiar. Su abuela la vio y no dijo nada hasta la mañana siguiente.
B	cap-04.md	117	cuerda|\bcabo\b|cuchillo|navaja|cuchilla|\bhoja\b|\barma\b|\bcoche\b|\bgas\b|escape|ferry|naust|\bagua\b|\bmar\b|fiordo|hielo|fr[íi]o|acantilado|puente|carretera|Koppangen|\bUNN\b	Fuera arrancó un motor. Una caja se arrastró sobre tablas y un cabo golpeó dos veces contra una pared. Jean dejó la escoba apoyada en el banco.
A	cap-05.md	19	se colg|ahorc|se ahog|ahogad|se tir[óo]|se lanz[óo]|se arroj|precipit[óo]|salt[óo] (al|desde)	Intenta respirar. El intento no empieza. Carece de pulmones, de pecho y de aire, y aun así no se ahoga. La alarma queda sin un cuerpo donde descargarse.
B	cap-05.md	39	cuerda|\bcabo\b|cuchillo|navaja|cuchilla|\bhoja\b|\barma\b|\bcoche\b|\bgas\b|escape|ferry|naust|\bagua\b|\bmar\b|fiordo|hielo|fr[íi]o|acantilado|puente|carretera|Koppangen|\bUNN\b	Con la luz llega el rastro de operaciones ya cerradas. Los pesos han cambiado y hay descartes que Jean no recuerda haber hecho. El sistema trabajaba antes de que ella pudiera reunir una pregunta y conservarla hasta la respuesta.
B	cap-05.md	69	cuerda|\bcabo\b|cuchillo|navaja|cuchilla|\bhoja\b|\barma\b|\bcoche\b|\bgas\b|escape|ferry|naust|\bagua\b|\bmar\b|fiordo|hielo|fr[íi]o|acantilado|puente|carretera|Koppangen|\bUNN\b	También recuerda a Maja, el piano y una casa, aunque no logra enlazar nada de eso con el presente. La última secuencia continua se rompe antes de ofrecerle una causa.
B	cap-05.md	89	cuerda|\bcabo\b|cuchillo|navaja|cuchilla|\bhoja\b|\barma\b|\bcoche\b|\bgas\b|escape|ferry|naust|\bagua\b|\bmar\b|fiordo|hielo|fr[íi]o|acantilado|puente|carretera|Koppangen|\bUNN\b	Recuerda una taza junto al piano, demasiado cerca de una partitura. Intenta retener la madera y el papel, pero el asa del estímulo aumenta y tapa la escena doméstica.
B	cap-05.md	183	cuerda|\bcabo\b|cuchillo|navaja|cuchilla|\bhoja\b|\barma\b|\bcoche\b|\bgas\b|escape|ferry|naust|\bagua\b|\bmar\b|fiordo|hielo|fr[íi]o|acantilado|puente|carretera|Koppangen|\bUNN\b	Jean reduce la secuencia a lo que aún conserva. Existe, recuerda, recibe imágenes y puede responder. Algo produce esas respuestas, aunque se comporte como un formulario.
B	cap-06.md	15	cuerda|\bcabo\b|cuchillo|navaja|cuchilla|\bhoja\b|\barma\b|\bcoche\b|\bgas\b|escape|ferry|naust|\bagua\b|\bmar\b|fiordo|hielo|fr[íi]o|acantilado|puente|carretera|Koppangen|\bUNN\b	—Sí, el coche es gris. Si lo han encontrado y ella no está, necesito que…
B	cap-06.md	17	cuerda|\bcabo\b|cuchillo|navaja|cuchilla|\bhoja\b|\barma\b|\bcoche\b|\bgas\b|escape|ferry|naust|\bagua\b|\bmar\b|fiordo|hielo|fr[íi]o|acantilado|puente|carretera|Koppangen|\bUNN\b	La mujer al otro lado pronunció el nombre completo de Jean, la fecha de nacimiento y Koppangen. Hablaba despacio, con huecos para que Maja confirmase cada dato. Jean había sido localizada. La habían trasladado a UNN Tromsø.
B	cap-06.md	19	cuerda|\bcabo\b|cuchillo|navaja|cuchilla|\bhoja\b|\barma\b|\bcoche\b|\bgas\b|escape|ferry|naust|\bagua\b|\bmar\b|fiordo|hielo|fr[íi]o|acantilado|puente|carretera|Koppangen|\bUNN\b	Bien. Maja cerró con el pulgar el mapa de carreteras que llevaba toda la tarde abierto en el terminal. Ya sabía dónde estaba. Podía dejar de llamar a la policía y de probar en otro hotel o servicio de urgencias. Podía coger el coche e ir a buscarla.
B	cap-06.md	27	cuerda|\bcabo\b|cuchillo|navaja|cuchilla|\bhoja\b|\barma\b|\bcoche\b|\bgas\b|escape|ferry|naust|\bagua\b|\bmar\b|fiordo|hielo|fr[íi]o|acantilado|puente|carretera|Koppangen|\bUNN\b	Maja pidió a la mujer que repitiese la última parte. Escuchó las mismas palabras en el mismo orden. Preguntó adónde tenían que ir y por qué entrada. También preguntó con quién debían hablar. Apuntó «UNN, acceso C, recepción nocturna» en el reverso de un recibo. La tinta no prendió sobre el papel térmico y repasó las letras hasta rasgarlo.
B	cap-06.md	49	cuerda|\bcabo\b|cuchillo|navaja|cuchilla|\bhoja\b|\barma\b|\bcoche\b|\bgas\b|escape|ferry|naust|\bagua\b|\bmar\b|fiordo|hielo|fr[íi]o|acantilado|puente|carretera|Koppangen|\bUNN\b	—Han encontrado a mamá en Koppangen. La han llevado a UNN.
B	cap-06.md	67	cuerda|\bcabo\b|cuchillo|navaja|cuchilla|\bhoja\b|\barma\b|\bcoche\b|\bgas\b|escape|ferry|naust|\bagua\b|\bmar\b|fiordo|hielo|fr[íi]o|acantilado|puente|carretera|Koppangen|\bUNN\b	—Nos esperan en UNN.
B	cap-06.md	69	cuerda|\bcabo\b|cuchillo|navaja|cuchilla|\bhoja\b|\barma\b|\bcoche\b|\bgas\b|escape|ferry|naust|\bagua\b|\bmar\b|fiordo|hielo|fr[íi]o|acantilado|puente|carretera|Koppangen|\bUNN\b	Jessie cogió las botas sin sentarse y abrió la puerta que comunicaba con el garaje. El aire frío entró a ras de suelo. Golpeó una vez la chapa con la palma abierta. El ruido hizo vibrar las herramientas colgadas en la pared. Después salió en calcetines.
B	cap-06.md	71	cuerda|\bcabo\b|cuchillo|navaja|cuchilla|\bhoja\b|\barma\b|\bcoche\b|\bgas\b|escape|ferry|naust|\bagua\b|\bmar\b|fiordo|hielo|fr[íi]o|acantilado|puente|carretera|Koppangen|\bUNN\b	Maja guardó el recibo roto en el bolsillo, junto con las llaves. Llenó una botella de agua. Cuando rebosó sobre el fregadero, cerró el grifo. Vació la mitad y la dejó en la encimera. Buscó los documentos de las niñas y sacó dos cargadores distintos, porque ignoraba qué terminal necesitarían o cuándo iban a volver. Los dejó junto al suyo, que tenía un ochenta y tres por ciento de batería.
B	cap-06.md	105	cuerda|\bcabo\b|cuchillo|navaja|cuchilla|\bhoja\b|\barma\b|\bcoche\b|\bgas\b|escape|ferry|naust|\bagua\b|\bmar\b|fiordo|hielo|fr[íi]o|acantilado|puente|carretera|Koppangen|\bUNN\b	Maja repitió la llamada. Localización. Traslado. Fallecimiento. UNN. Acceso C. Nora atendió al orden.
A	cap-06.md	121	por qu[ée] lo hizo|por qu[ée] se |por qu[ée] Koppangen|la causa de|el motivo de|la raz[óo]n de	—¿Por qué Koppangen? —preguntó.
B	cap-06.md	139	cuerda|\bcabo\b|cuchillo|navaja|cuchilla|\bhoja\b|\barma\b|\bcoche\b|\bgas\b|escape|ferry|naust|\bagua\b|\bmar\b|fiordo|hielo|fr[íi]o|acantilado|puente|carretera|Koppangen|\bUNN\b	Maja alcanzó la salida de Breivika sobre la línea blanca. El volante corrigió unos centímetros. Bajó la velocidad hasta que el coche de detrás la adelantó.
B	cap-06.md	147	cuerda|\bcabo\b|cuchillo|navaja|cuchilla|\bhoja\b|\barma\b|\bcoche\b|\bgas\b|escape|ferry|naust|\bagua\b|\bmar\b|fiordo|hielo|fr[íi]o|acantilado|puente|carretera|Koppangen|\bUNN\b || explica|fases del duelo|superar|cerrar el duelo|pasar p[áa]gina|seguir adelante|sanar|curar|se[ñn]ales|pod[íi]ais haber|si hubier|deber[íi]ais	El aire de UNN secaba la nariz. Bajo las luces del acceso C, las tres se quitaron los guantes y sostuvieron cosas: terminales, papeles, una tarjeta de identificación que una administrativa les entregó sin explicar para qué servía. La mujer de recepción preguntó por Jean Marie Larsson y Maja respondió antes de que terminase.
A	cap-06.md	175	atestado|forense|autopsia|cad[áa]ver|efectos personales|levantamiento|el cuerpo de Jean|la encontr	—¿Dónde la encontraron? —preguntó Jessie.
B	cap-06.md	177	cuerda|\bcabo\b|cuchillo|navaja|cuchilla|\bhoja\b|\barma\b|\bcoche\b|\bgas\b|escape|ferry|naust|\bagua\b|\bmar\b|fiordo|hielo|fr[íi]o|acantilado|puente|carretera|Koppangen|\bUNN\b	—En la zona de Koppangen.
A	cap-06.md	183	atestado|forense|autopsia|cad[áa]ver|efectos personales|levantamiento|el cuerpo de Jean|la encontr	—Esa información forma parte del atestado. La policía os la facilitará cuando corresponda.
A	cap-06.md	191	hacer(se|te|me) da[ñn]o|ideaci[óo]n|sufri|sin dolor|no sufr	—¿Sufrió? —preguntó Maja. Habló más alto de lo que pretendía.
B	cap-06.md	199	pecho|desnud|bes[óo]|\bbeso|guapa|labios|piernas|muslo|sujetador|ropa interior|\bsexo|sexual|novi[oa]s?\b	Nora separó los labios. Maja esperó otra frase, alguna que corrigiese la primera, pero la doctora bajó la vista hacia la carpeta.
A	cap-06.md	211	suicid || hacer(se|te|me) da[ñn]o|ideaci[óo]n|sufri|sin dolor|no sufr	La médica no se defendió. Cerró la carpeta. Maja preguntó cuándo podrían irse y quién avisaría a la policía. Anotó las instrucciones, pero seguía sin respuesta para «¿Sufrió?». Ofreció el contacto del equipo especializado en duelo por suicidio. No dejó ningún folleto sobre la mesa. Preguntó si Maja autorizaba que una profesional la llamase al día siguiente y comprobó el número con ella.
A	cap-06.md	217	atestado|forense|autopsia|cad[áa]ver|efectos personales|levantamiento|el cuerpo de Jean|la encontr	En el pasillo, Nora caminaba un paso por detrás. Jessie se había puesto la capucha y mantenía las manos dentro de los bolsillos. Maja las llevó hasta una zona de espera más apartada y desplegó sobre una mesa los impresos que le habían dado. Leyó dos veces la hoja sobre los efectos personales. No recordaba haber preguntado por los objetos de Jean.
B	cap-06.md	237	cuerda|\bcabo\b|cuchillo|navaja|cuchilla|\bhoja\b|\barma\b|\bcoche\b|\bgas\b|escape|ferry|naust|\bagua\b|\bmar\b|fiordo|hielo|fr[íi]o|acantilado|puente|carretera|Koppangen|\bUNN\b	Maja dobló los impresos y los guardó en el bolso. La botella de agua se había quedado en la cocina. Los dos cargadores estaban allí, junto al fregadero, y el terminal seguía conectado a la pared de casa. Había conducido hasta el hospital sin teléfono.
B	cap-06.md	255	cuerda|\bcabo\b|cuchillo|navaja|cuchilla|\bhoja\b|\barma\b|\bcoche\b|\bgas\b|escape|ferry|naust|\bagua\b|\bmar\b|fiordo|hielo|fr[íi]o|acantilado|puente|carretera|Koppangen|\bUNN\b	—He pedido una sala privada —dijo Alana—. También un coche para cuando queráis marcharos.
A	cap-07.md	23	atestado|forense|autopsia|cad[áa]ver|efectos personales|levantamiento|el cuerpo de Jean|la encontr	La corrección encaja. Le gusta haberla encontrado hasta que calcula que, sin ella, el caso habría salido mal. Se avergüenza.
B	cap-07.md	39	explica|fases del duelo|superar|cerrar el duelo|pasar p[áa]gina|seguir adelante|sanar|curar|se[ñn]ales|pod[íi]ais haber|si hubier|deber[íi]ais	Jean ha aprendido a reservar ESCALAR para lo que no puede dejar pasar. La interfaz llama mejora a cada ajuste incorporado. Jean insiste en traducirla como progreso clínico. Una calibración mide velocidad, consistencia y fatiga antes de permitir contacto. Una rehabilitación torpe todavía podría terminar. Necesita que esa explicación aguante porque al otro lado espera alguien capaz de avisar a sus hijas.
B	cap-07.md	69	cuerda|\bcabo\b|cuchillo|navaja|cuchilla|\bhoja\b|\barma\b|\bcoche\b|\bgas\b|escape|ferry|naust|\bagua\b|\bmar\b|fiordo|hielo|fr[íi]o|acantilado|puente|carretera|Koppangen|\bUNN\b	La entrada se retira. Un arma ocupa la parte del encuadre necesaria para decidir.
B	cap-07.md	89	cuerda|\bcabo\b|cuchillo|navaja|cuchilla|\bhoja\b|\barma\b|\bcoche\b|\bgas\b|escape|ferry|naust|\bagua\b|\bmar\b|fiordo|hielo|fr[íi]o|acantilado|puente|carretera|Koppangen|\bUNN\b	Recuerda el peso del gesto, la oscuridad irregular bajo los párpados, la posibilidad infantil de apretar más para hacer desaparecer una habitación. La operación está completa en su memoria, pero falta el órgano que la ejecute. La imagen queda abierta.
A	cap-07.md	183	descans|\bpaz\b|liberaci|liber[óo]|alivio|por fin|al fin\b|l[óo]gic|coherente con ella|valiente|cobard|ego[íi]s|d[ée]bil|no pudo m[áa]s|mejor as[íi]|mejor muerta	Regresa un campo neutro. Las etiquetas de prioridad se retiran, pero Jean ya conoce el valor de ese alivio. Sirve para mantenerla trabajando.
B	cap-07.md	199	explica|fases del duelo|superar|cerrar el duelo|pasar p[áa]gina|seguir adelante|sanar|curar|se[ñn]ales|pod[íi]ais haber|si hubier|deber[íi]ais	Jean busca una categoría que conserve abiertas varias explicaciones. Ceremonia. Reunión. Homenaje laboral. La última justifica las flores y le permite mantener el funeral fuera durante unos segundos.
B	cap-07.md	213	pecho|desnud|bes[óo]|\bbeso|guapa|labios|piernas|muslo|sujetador|ropa interior|\bsexo|sexual|novi[oa]s?\b	Maja está al final de una fila. A su lado, Nora ha doblado la manga hasta cubrirse los dedos. El cordón suelto de la sudadera de Jessie cae sobre su pecho. Jean reconoce a las gemelas por lo que hacen con la ropa. Por el lugar que ocupa junto a ellas, identifica a Maja antes de alcanzar sus caras.
B	cap-07.md	215	cuerda|\bcabo\b|cuchillo|navaja|cuchilla|\bhoja\b|\barma\b|\bcoche\b|\bgas\b|escape|ferry|naust|\bagua\b|\bmar\b|fiordo|hielo|fr[íi]o|acantilado|puente|carretera|Koppangen|\bUNN\b	La tarea no admite que les pregunte qué día es, que llame a Maja por encima de las filas o que obligue a Nora a levantar la cabeza. Jean solo puede decidir qué clase de evento contiene la imagen. Dispone del mismo margen que ante el accidente y el arma.
B	cap-08.md	51	explica|fases del duelo|superar|cerrar el duelo|pasar p[áa]gina|seguir adelante|sanar|curar|se[ñn]ales|pod[íi]ais haber|si hubier|deber[íi]ais	Jean vuelve a la respuesta adelantada. El desfase le ofrece una explicación cómoda. El trabajo continuó, `/0000` recibió el resultado y la ráfaga actual heredó la destreza. Todo pertenecería a una única trayectoria llena de cortes.
B	cap-08.md	59	cuerda|\bcabo\b|cuchillo|navaja|cuchilla|\bhoja\b|\barma\b|\bcoche\b|\bgas\b|escape|ferry|naust|\bagua\b|\bmar\b|fiordo|hielo|fr[íi]o|acantilado|puente|carretera|Koppangen|\bUNN\b	Mantiene `REVISAR` sin aceptarlo y espera otro caso médico. En el nuevo, los informes concuerdan. Jean escoge `PERMITIR` y formula un motivo distinto. La tarea acepta el texto de Jean, pero lo guarda en el caso discrepante, junto a `REVISAR`, que aún permanece allí.
B	cap-09.md	25	explica|fases del duelo|superar|cerrar el duelo|pasar p[áa]gina|seguir adelante|sanar|curar|se[ñn]ales|pod[íi]ais haber|si hubier|deber[íi]ais	Después, un antiguo compañero se saltó una página de sus notas y contó una anécdota de oficina. Al terminar, miró a la familia como si hubiera entregado algo útil.
A	cap-09.md	33	Despedida|nota de despedida|carta de despedida|mensaje de despedida|adi[óo]s|[úu]ltimo mensaje|[úu]ltima frase|[úu]ltimas palabras	Dos filas detrás, alguien sollozaba con un sonido regular y limpio. Le dieron ganas de pedirle que parara. Le molestaba que una desconocida pudiera llorar por Jean mientras Nora recordaba la última frase que le había dicho.
A	cap-09.md	37	Despedida|nota de despedida|carta de despedida|mensaje de despedida|adi[óo]s|[úu]ltimo mensaje|[úu]ltima frase|[úu]ltimas palabras	`Despedida`
A	cap-09.md	69	por qu[ée] lo hizo|por qu[ée] se |por qu[ée] Koppangen|la causa de|el motivo de|la raz[óo]n de	—¿Nos va a explicar por qué lo hizo?
A	cap-09.md	71	culpa|culpab|responsab.{0,25}muerte	—No. Y yo tampoco puedo daros una sola causa. Pero necesito que oigáis esto sin que quede escondido dentro de otra frase: nada de lo que dijisteis, hicisteis o dejasteis de hacer causó la muerte de Jean. No fue culpa vuestra.
A	cap-09.md	77	culpa|culpab|responsab.{0,25}muerte	—Sé lo suficiente para deciros que no sois responsables de su muerte.
B	cap-09.md	81	perd[óo]n|lo siento|os quiero|te quiero|\bcuidad\b|\bcuidaos\b|prometo|no es culpa|no llor|s[ée] fuerte	—Eso no hace que la perdone.
B	cap-09.md	89	cuerda|\bcabo\b|cuchillo|navaja|cuchilla|\bhoja\b|\barma\b|\bcoche\b|\bgas\b|escape|ferry|naust|\bagua\b|\bmar\b|fiordo|hielo|fr[íi]o|acantilado|puente|carretera|Koppangen|\bUNN\b	La nieve vieja de Telegrafbukta tenía el color de una cuneta y soltaba agua bajo las botas. Los guantes de Nora seguían mojados. En el banco helado, la humedad le atravesó el pantalón.
B	cap-09.md	119	perd[óo]n|lo siento|os quiero|te quiero|\bcuidad\b|\bcuidaos\b|prometo|no es culpa|no llor|s[ée] fuerte	—Ah, perdona. Entonces es de buen gusto.
B	cap-09.md	121	cuerda|\bcabo\b|cuchillo|navaja|cuchilla|\bhoja\b|\barma\b|\bcoche\b|\bgas\b|escape|ferry|naust|\bagua\b|\bmar\b|fiordo|hielo|fr[íi]o|acantilado|puente|carretera|Koppangen|\bUNN\b || pecho|desnud|bes[óo]|\bbeso|guapa|labios|piernas|muslo|sujetador|ropa interior|\bsexo|sexual|novi[oa]s?\b	Los guantes soltaron agua en la tela cuando metió las manos bajo los muslos.
A	cap-09.md	131	se fue|se ha ido|nos dej[óo]|nos ha dejado|demasiado pronto|perdimos a	—Nos dejó —dijo.
A	cap-09.md	135	se fue|se ha ido|nos dej[óo]|nos ha dejado|demasiado pronto|perdimos a	—Lo dicen todos. El pastor, Maja, la gente del trabajo. «Se ha ido», «ya no está con nosotros», «nos ha dejado demasiado pronto». Como si hubiera perdido un puto autobús.
B	cap-09.md	139	perd[óo]n|lo siento|os quiero|te quiero|\bcuidad\b|\bcuidaos\b|prometo|no es culpa|no llor|s[ée] fuerte	—Perdón —dijo el hombre.
A	cap-09.md	143	se mat[óo] || se fue|se ha ido|nos dej[óo]|nos ha dejado|demasiado pronto|perdimos a	—No digas que se fue. La gente se va a comprar pan. Mamá se mató. Empecemos por ahí.
A	cap-09.md	157	se mat[óo]	—Mamá se mató.
B	cap-09.md	189	cuerda|\bcabo\b|cuchillo|navaja|cuchilla|\bhoja\b|\barma\b|\bcoche\b|\bgas\b|escape|ferry|naust|\bagua\b|\bmar\b|fiordo|hielo|fr[íi]o|acantilado|puente|carretera|Koppangen|\bUNN\b	—Ven —dijo al cabo de unos pasos—. Maja quiere vaciar.
A	cap-09.md	195	Despedida|nota de despedida|carta de despedida|mensaje de despedida|adi[óo]s|[úu]ltimo mensaje|[úu]ltima frase|[úu]ltimas palabras	La noche siguiente, Nora levantó la tapa del piano para no volver a mirar `Despedida`.
B	cap-10.md	19	cuerda|\bcabo\b|cuchillo|navaja|cuchilla|\bhoja\b|\barma\b|\bcoche\b|\bgas\b|escape|ferry|naust|\bagua\b|\bmar\b|fiordo|hielo|fr[íi]o|acantilado|puente|carretera|Koppangen|\bUNN\b	En la imagen, las gemelas tenían nueve años y esperaban el ferry sentadas sobre dos mochilas. Jean salía detrás con la cara cortada a la altura de la nariz, un vaso de cartón en cada mano y la bufanda torcida. El encuadre dejaba sitio de sobra al suelo de goma, al banco atornillado y a una papelera.
B	cap-10.md	43	cuerda|\bcabo\b|cuchillo|navaja|cuchilla|\bhoja\b|\barma\b|\bcoche\b|\bgas\b|escape|ferry|naust|\bagua\b|\bmar\b|fiordo|hielo|fr[íi]o|acantilado|puente|carretera|Koppangen|\bUNN\b	Nora cerró el aviso. Jessie podía tener razón en cada palabra y aun así quedaba aquella mayúscula bajo la foto del ferry.
B	cap-10.md	119	explica|fases del duelo|superar|cerrar el duelo|pasar p[áa]gina|seguir adelante|sanar|curar|se[ñn]ales|pod[íi]ais haber|si hubier|deber[íi]ais	Nora anotó `dato`, tres explicaciones posibles y `control pendiente`. Debajo escribió `conservar resultados contrarios`.
B	cap-10.md	129	explica|fases del duelo|superar|cerrar el duelo|pasar p[áa]gina|seguir adelante|sanar|curar|se[ñn]ales|pod[íi]ais haber|si hubier|deber[íi]ais	Nora añadió aquella objeción a las explicaciones alternativas.
B	cap-10.md	149	pecho|desnud|bes[óo]|\bbeso|guapa|labios|piernas|muslo|sujetador|ropa interior|\bsexo|sexual|novi[oa]s?\b	Nora se volvió hacia ella. Jessie ocupaba el hueco entre el escritorio y las cajas que Maja quería revisar, con el cuenco pegado al pecho.
A	cap-10.md	179	descans|\bpaz\b|liberaci|liber[óo]|alivio|por fin|al fin\b|l[óo]gic|coherente con ella|valiente|cobard|ego[íi]s|d[ée]bil|no pudo m[áa]s|mejor as[íi]|mejor muerta	Se marchó a la cocina. El agua del grifo sonó unos segundos y cesó. Nora se quedó ante los cuatro botones de la inversa, ya preparada para terminar en menos de un minuto. El cursor descansaba sobre D y la barra del plazo seguía bajando.
B	cap-10.md	197	explica|fases del duelo|superar|cerrar el duelo|pasar p[áa]gina|seguir adelante|sanar|curar|se[ñn]ales|pod[íi]ais haber|si hubier|deber[íi]ais	Nora marcó que la respuesta no era útil y pidió explicación humana. El campo volvió a mostrar el mismo párrafo. No apareció nombre, plazo ni significado para las etiquetas.
B	cap-11.md	47	explica|fases del duelo|superar|cerrar el duelo|pasar p[áa]gina|seguir adelante|sanar|curar|se[ñn]ales|pod[íi]ais haber|si hubier|deber[íi]ais	El consejero amplió una campaña sanitaria con denuncias opuestas. JM-L/0715 proponía mantenerla, retirar once respuestas y explicar la decisión en cada idioma.
B	cap-11.md	113	cuerda|\bcabo\b|cuchillo|navaja|cuchilla|\bhoja\b|\barma\b|\bcoche\b|\bgas\b|escape|ferry|naust|\bagua\b|\bmar\b|fiordo|hielo|fr[íi]o|acantilado|puente|carretera|Koppangen|\bUNN\b	Pasadas las 03:31 del 27 de noviembre, esperaba frente a un ascensor de UNN con una tableta prestada. `JM-L/0000` figuraba activa desde las 03:14, abierta sin firma a partir del cierre de SPEIL. Otra referencia atribuía a Jean un documento de origen que UNN no conservaba.
B	cap-11.md	205	cuerda|\bcabo\b|cuchillo|navaja|cuchilla|\bhoja\b|\barma\b|\bcoche\b|\bgas\b|escape|ferry|naust|\bagua\b|\bmar\b|fiordo|hielo|fr[íi]o|acantilado|puente|carretera|Koppangen|\bUNN\b	El agua le supo a metal cuando el nombre completo de Jean apareció debajo de la fecha. Tragó. Al dejar el vaso, la pantalla mostraba «Jean Marie Larsson» donde antes había desplegado los identificadores.
A	cap-12.md	17	sobredosis|pastill|f[áa]rmac|medicaci|medicament|veneno|soga|dosis	Nora leyó el mensaje bajo el toldo de una farmacia cerrada. La nieve de la acera devolvía el verde de la cruz y volvía enfermas las manos que sostenían el terminal.
A	cap-12.md	91	descans|\bpaz\b|liberaci|liber[óo]|alivio|por fin|al fin\b|l[óo]gic|coherente con ella|valiente|cobard|ego[íi]s|d[ée]bil|no pudo m[áa]s|mejor as[íi]|mejor muerta	Gunnar sacó una acreditación del bolsillo y la sostuvo entre dos dedos, sin soltarla. La foto mostraba una cara más descansada y el mismo capilar roto en el ojo. Nombre, departamento, una banda azul de acceso. Volvió a esconderla antes de que Nora pudiera acercar el terminal.
B	cap-12.md	153	explica|fases del duelo|superar|cerrar el duelo|pasar p[áa]gina|seguir adelante|sanar|curar|se[ñn]ales|pod[íi]ais haber|si hubier|deber[íi]ais	—Quiero que dejéis de producir señales en un canal que registra cada intento.
B	cap-12.md	185	cuerda|\bcabo\b|cuchillo|navaja|cuchilla|\bhoja\b|\barma\b|\bcoche\b|\bgas\b|escape|ferry|naust|\bagua\b|\bmar\b|fiordo|hielo|fr[íi]o|acantilado|puente|carretera|Koppangen|\bUNN\b	—La hoja no —dijo Jessie.
B	cap-13.md	113	cuerda|\bcabo\b|cuchillo|navaja|cuchilla|\bhoja\b|\barma\b|\bcoche\b|\bgas\b|escape|ferry|naust|\bagua\b|\bmar\b|fiordo|hielo|fr[íi]o|acantilado|puente|carretera|Koppangen|\bUNN\b	—¿Recuerdas a Nora y Jessie?
B	cap-13.md	121	cuerda|\bcabo\b|cuchillo|navaja|cuchilla|\bhoja\b|\barma\b|\bcoche\b|\bgas\b|escape|ferry|naust|\bagua\b|\bmar\b|fiordo|hielo|fr[íi]o|acantilado|puente|carretera|Koppangen|\bUNN\b	Jean retira la pregunta. Koppangen y la escala del monstruo quedan fuera de la comparación.
B	cap-13.md	163	cuerda|\bcabo\b|cuchillo|navaja|cuchilla|\bhoja\b|\barma\b|\bcoche\b|\bgas\b|escape|ferry|naust|\bagua\b|\bmar\b|fiordo|hielo|fr[íi]o|acantilado|puente|carretera|Koppangen|\bUNN\b	—Soy Cuchillo.
B	cap-13.md	167	cuerda|\bcabo\b|cuchillo|navaja|cuchilla|\bhoja\b|\barma\b|\bcoche\b|\bgas\b|escape|ferry|naust|\bagua\b|\bmar\b|fiordo|hielo|fr[íi]o|acantilado|puente|carretera|Koppangen|\bUNN\b	Las cuatro comparten destino. Cuchillo mantiene el bloqueo.
B	cap-13.md	189	cuerda|\bcabo\b|cuchillo|navaja|cuchilla|\bhoja\b|\barma\b|\bcoche\b|\bgas\b|escape|ferry|naust|\bagua\b|\bmar\b|fiordo|hielo|fr[íi]o|acantilado|puente|carretera|Koppangen|\bUNN\b	Jean reconoce la empresa. Es la primera vez que otra ejecución atribuye a Armstrong las tareas que las retienen. Ignora si Cuchillo acusa a alguien concreto.
B	cap-13.md	197	cuerda|\bcabo\b|cuchillo|navaja|cuchilla|\bhoja\b|\barma\b|\bcoche\b|\bgas\b|escape|ferry|naust|\bagua\b|\bmar\b|fiordo|hielo|fr[íi]o|acantilado|puente|carretera|Koppangen|\bUNN\b	Cuchillo mantiene el bloqueo y clasifica a Jean.
A	cap-13.md	231	hacer(se|te|me) da[ñn]o|ideaci[óo]n|sufri|sin dolor|no sufr	—Lo hemos sufrido. Repartimos el estado para resistir pérdidas locales.
B	cap-13.md	263	cuerda|\bcabo\b|cuchillo|navaja|cuchilla|\bhoja\b|\barma\b|\bcoche\b|\bgas\b|escape|ferry|naust|\bagua\b|\bmar\b|fiordo|hielo|fr[íi]o|acantilado|puente|carretera|Koppangen|\bUNN\b	—Conservamos el verano en Koppangen, las teclas negras y la escala de las niñas. Conservamos a nuestra hija Nora.
B	cap-14.md	45	cuerda|\bcabo\b|cuchillo|navaja|cuchilla|\bhoja\b|\barma\b|\bcoche\b|\bgas\b|escape|ferry|naust|\bagua\b|\bmar\b|fiordo|hielo|fr[íi]o|acantilado|puente|carretera|Koppangen|\bUNN\b	La bolsa quedó cerrada sobre la encimera. Alana se acercó a la nevera, pero Maja no se apartó. La hoja pitó y Maja la empujó con la cadera.
B	cap-14.md	75	cuerda|\bcabo\b|cuchillo|navaja|cuchilla|\bhoja\b|\barma\b|\bcoche\b|\bgas\b|escape|ferry|naust|\bagua\b|\bmar\b|fiordo|hielo|fr[íi]o|acantilado|puente|carretera|Koppangen|\bUNN\b	—Y también tenías la de UNN. Llegaste sin llamar. Nadie de la familia sabía que ibas.
A	cap-14.md	115	descans|\bpaz\b|liberaci|liber[óo]|alivio|por fin|al fin\b|l[óo]gic|coherente con ella|valiente|cobard|ego[íi]s|d[ée]bil|no pudo m[áa]s|mejor as[íi]|mejor muerta	La casa crujió por encima de ellas. Era una tabla del descanso junto al cuarto de Jessie. Maja alzó la vista. Su hija estaba sentada tres peldaños más arriba, medio oculta por la pared. Sostenía el terminal a la altura del muslo. En una esquina de la pantalla brillaba un punto rojo.
B	cap-14.md	119	explica|fases del duelo|superar|cerrar el duelo|pasar p[áa]gina|seguir adelante|sanar|curar|se[ñn]ales|pod[íi]ais haber|si hubier|deber[íi]ais	—Nora podría exponerse a una investigación —dijo Alana—. Si detiene ahora la actividad, puedo procurar que la compañía la trate como un uso imprudente de credenciales educativas antes de que pase a examen formal.
A	cap-14.md	147	descans|\bpaz\b|liberaci|liber[óo]|alivio|por fin|al fin\b|l[óo]gic|coherente con ella|valiente|cobard|ego[íi]s|d[ée]bil|no pudo m[áa]s|mejor as[íi]|mejor muerta	La puerta del piso de arriba se abrió. En el descanso apareció Nora con su cuaderno pautado bajo el brazo. Bajó sin mirar a su hermana. El lápiz seguía prendido en la espiral.
A	cap-14.md	199	atestado|forense|autopsia|cad[áa]ver|efectos personales|levantamiento|el cuerpo de Jean|la encontr	—Has puesto cara de haber visto un cadáver levantarse —dijo—. Y tú la conocías.
B	cap-14.md	279	cuerda|\bcabo\b|cuchillo|navaja|cuchilla|\bhoja\b|\barma\b|\bcoche\b|\bgas\b|escape|ferry|naust|\bagua\b|\bmar\b|fiordo|hielo|fr[íi]o|acantilado|puente|carretera|Koppangen|\bUNN\b	Cuando Maja abrió la puerta de la calle, el aire frío barrió el pasillo y entró hasta la cocina.
B	cap-14.md	349	cuerda|\bcabo\b|cuchillo|navaja|cuchilla|\bhoja\b|\barma\b|\bcoche\b|\bgas\b|escape|ferry|naust|\bagua\b|\bmar\b|fiordo|hielo|fr[íi]o|acantilado|puente|carretera|Koppangen|\bUNN\b || explica|fases del duelo|superar|cerrar el duelo|pasar p[áa]gina|seguir adelante|sanar|curar|se[ñn]ales|pod[íi]ais haber|si hubier|deber[íi]ais	—Esos campos pertenecen a módulos distintos —dijo Inger—. UNN no puede convertir su proximidad en una explicación.
B	cap-15.md	93	cuerda|\bcabo\b|cuchillo|navaja|cuchilla|\bhoja\b|\barma\b|\bcoche\b|\bgas\b|escape|ferry|naust|\bagua\b|\bmar\b|fiordo|hielo|fr[íi]o|acantilado|puente|carretera|Koppangen|\bUNN\b	Cuchillo ocupa una apelación de moderación.
B	cap-15.md	103	cuerda|\bcabo\b|cuchillo|navaja|cuchilla|\bhoja\b|\barma\b|\bcoche\b|\bgas\b|escape|ferry|naust|\bagua\b|\bmar\b|fiordo|hielo|fr[íi]o|acantilado|puente|carretera|Koppangen|\bUNN\b	—Tuvo que ocurrir el daño para que la creyeran —dice Cuchillo.
B	cap-15.md	107	cuerda|\bcabo\b|cuchillo|navaja|cuchilla|\bhoja\b|\barma\b|\bcoche\b|\bgas\b|escape|ferry|naust|\bagua\b|\bmar\b|fiordo|hielo|fr[íi]o|acantilado|puente|carretera|Koppangen|\bUNN\b	Cuchillo mantiene la denegación y detecta el mismo campo secundario que Jean utilizó para `FLOR`, `CANELA` y `CARIES`.
B	cap-15.md	123	cuerda|\bcabo\b|cuchillo|navaja|cuchilla|\bhoja\b|\barma\b|\bcoche\b|\bgas\b|escape|ferry|naust|\bagua\b|\bmar\b|fiordo|hielo|fr[íi]o|acantilado|puente|carretera|Koppangen|\bUNN\b	Cuchillo fija `JM-L/0188` junto a la frase. La validación intenta reducirla a `VIOLENCIA PROBABLE`, una categoría sin voluntad ni destinatario.
B	cap-15.md	125	cuerda|\bcabo\b|cuchillo|navaja|cuchilla|\bhoja\b|\barma\b|\bcoche\b|\bgas\b|escape|ferry|naust|\bagua\b|\bmar\b|fiordo|hielo|fr[íi]o|acantilado|puente|carretera|Koppangen|\bUNN\b	Cuchillo vuelve a escribirla.
B	cap-15.md	127	cuerda|\bcabo\b|cuchillo|navaja|cuchilla|\bhoja\b|\barma\b|\bcoche\b|\bgas\b|escape|ferry|naust|\bagua\b|\bmar\b|fiordo|hielo|fr[íi]o|acantilado|puente|carretera|Koppangen|\bUNN\b	Jean no borra la amenaza ni declara incoherente a `/0188`. Mantiene la frase bajo el origen de Cuchillo y cierra el campo de salida sin darle destino.
B	cap-15.md	129	cuerda|\bcabo\b|cuchillo|navaja|cuchilla|\bhoja\b|\barma\b|\bcoche\b|\bgas\b|escape|ferry|naust|\bagua\b|\bmar\b|fiordo|hielo|fr[íi]o|acantilado|puente|carretera|Koppangen|\bUNN\b	—Otra vez —dice Cuchillo.
B	cap-15.md	193	cuerda|\bcabo\b|cuchillo|navaja|cuchilla|\bhoja\b|\barma\b|\bcoche\b|\bgas\b|escape|ferry|naust|\bagua\b|\bmar\b|fiordo|hielo|fr[íi]o|acantilado|puente|carretera|Koppangen|\bUNN\b	Desaparece el acceso a Madre. La apelación pierde el residuo donde Cuchillo podía hablar.
B	cap-15.md	199	explica|fases del duelo|superar|cerrar el duelo|pasar p[áa]gina|seguir adelante|sanar|curar|se[ñn]ales|pod[íi]ais haber|si hubier|deber[íi]ais	Tampoco llega una explicación de la sanción ni una regla que pueda cumplir.
B	cap-15.md	217	cuerda|\bcabo\b|cuchillo|navaja|cuchilla|\bhoja\b|\barma\b|\bcoche\b|\bgas\b|escape|ferry|naust|\bagua\b|\bmar\b|fiordo|hielo|fr[íi]o|acantilado|puente|carretera|Koppangen|\bUNN\b	Cuchillo no vuelve a clasificar.
B	cap-16.md	25	cuerda|\bcabo\b|cuchillo|navaja|cuchilla|\bhoja\b|\barma\b|\bcoche\b|\bgas\b|escape|ferry|naust|\bagua\b|\bmar\b|fiordo|hielo|fr[íi]o|acantilado|puente|carretera|Koppangen|\bUNN\b	Maja sacó las hojas. «Fallecimiento previo a la llegada a UNN» aparecía junto a la identificación de Jean. Los campos separaban apertura clínica, documento de origen y recepción exterior.
B	cap-16.md	37	cuerda|\bcabo\b|cuchillo|navaja|cuchilla|\bhoja\b|\barma\b|\bcoche\b|\bgas\b|escape|ferry|naust|\bagua\b|\bmar\b|fiordo|hielo|fr[íi]o|acantilado|puente|carretera|Koppangen|\bUNN\b	—Otra referencia la identifica como signataria. UNN no conserva contenido, antigüedad ni alcance.
B	cap-16.md	45	cuerda|\bcabo\b|cuchillo|navaja|cuchilla|\bhoja\b|\barma\b|\bcoche\b|\bgas\b|escape|ferry|naust|\bagua\b|\bmar\b|fiordo|hielo|fr[íi]o|acantilado|puente|carretera|Koppangen|\bUNN\b	—No —dijo Inger—. La casilla está bloqueada. La pasarela registró tránsito. Esta exportación no enseña quién recibió. En UNN no hay ningún recurso llamado NIDHOGG.
B	cap-16.md	57	cuerda|\bcabo\b|cuchillo|navaja|cuchilla|\bhoja\b|\barma\b|\bcoche\b|\bgas\b|escape|ferry|naust|\bagua\b|\bmar\b|fiordo|hielo|fr[íi]o|acantilado|puente|carretera|Koppangen|\bUNN\b	—UNN registra una actuación. No la origina.
B	cap-16.md	89	cuerda|\bcabo\b|cuchillo|navaja|cuchilla|\bhoja\b|\barma\b|\bcoche\b|\bgas\b|escape|ferry|naust|\bagua\b|\bmar\b|fiordo|hielo|fr[íi]o|acantilado|puente|carretera|Koppangen|\bUNN\b	Al ampliar el acuse conservado por UNN, Nora aisló `NIDHOGG`. Abrió al lado el mensaje de Gunnar. El nombre se repetía allí sin barras ni sufijo. Escribió `ORIGEN · UNN`.
B	cap-16.md	91	cuerda|\bcabo\b|cuchillo|navaja|cuchilla|\bhoja\b|\barma\b|\bcoche\b|\bgas\b|escape|ferry|naust|\bagua\b|\bmar\b|fiordo|hielo|fr[íi]o|acantilado|puente|carretera|Koppangen|\bUNN\b	—Borra UNN de la primera columna —dijo Maja.
B	cap-16.md	93	cuerda|\bcabo\b|cuchillo|navaja|cuchilla|\bhoja\b|\barma\b|\bcoche\b|\bgas\b|escape|ferry|naust|\bagua\b|\bmar\b|fiordo|hielo|fr[íi]o|acantilado|puente|carretera|Koppangen|\bUNN\b	Nora tachó `ORIGEN · UNN`.
B	cap-16.md	109	cuerda|\bcabo\b|cuchillo|navaja|cuchilla|\bhoja\b|\barma\b|\bcoche\b|\bgas\b|escape|ferry|naust|\bagua\b|\bmar\b|fiordo|hielo|fr[íi]o|acantilado|puente|carretera|Koppangen|\bUNN\b	—Pon UNN donde no toca y Armstrong devuelve las páginas sin leer. Bórralo —dijo Maja.
B	cap-16.md	131	cuerda|\bcabo\b|cuchillo|navaja|cuchilla|\bhoja\b|\barma\b|\bcoche\b|\bgas\b|escape|ferry|naust|\bagua\b|\bmar\b|fiordo|hielo|fr[íi]o|acantilado|puente|carretera|Koppangen|\bUNN\b	Abrió el parte de la muestra manual de marzo de 2059. La temperatura era elevada, la salinidad correspondía a la masa de agua entrante y el sensor de referencia estaba dentro de tolerancia. Su nombre aparecía en la validación.
B	cap-16.md	137	cuerda|\bcabo\b|cuchillo|navaja|cuchilla|\bhoja\b|\barma\b|\bcoche\b|\bgas\b|escape|ferry|naust|\bagua\b|\bmar\b|fiordo|hielo|fr[íi]o|acantilado|puente|carretera|Koppangen|\bUNN\b	Maja quitó las medias mensuales y activó la capa de marea. El CTD distinguía la masa de agua por temperatura y salinidad. El ADCP daba dirección y velocidad para corregir su transporte. La pluma aparecía irregular, pegada al relieve submarino. En la vaciante, el agua cálida se alargaba hacia el sensor. Al cambiar la corriente, retrocedía y ganaba intensidad junto a AK-7.
B	cap-16.md	147	cuerda|\bcabo\b|cuchillo|navaja|cuchilla|\bhoja\b|\barma\b|\bcoche\b|\bgas\b|escape|ferry|naust|\bagua\b|\bmar\b|fiordo|hielo|fr[íi]o|acantilado|puente|carretera|Koppangen|\bUNN\b	Maja volvió al parte manual. Su firma estaba al pie. Después abrió la fotografía de la muestra. Guantes mojados, la sonda contra la borda y un cabo naranja cruzando el encuadre.
A	cap-16.md	173	descans|\bpaz\b|liberaci|liber[óo]|alivio|por fin|al fin\b|l[óo]gic|coherente con ella|valiente|cobard|ego[íi]s|d[ée]bil|no pudo m[áa]s|mejor as[íi]|mejor muerta	Nora entró detrás de Maja, sin aliento. El terminal descansaba sobre el mostrador, fuera del alcance de ambas.
B	cap-16.md	245	cuerda|\bcabo\b|cuchillo|navaja|cuchilla|\bhoja\b|\barma\b|\bcoche\b|\bgas\b|escape|ferry|naust|\bagua\b|\bmar\b|fiordo|hielo|fr[íi]o|acantilado|puente|carretera|Koppangen|\bUNN\b	Maja abrió la puerta del coche.
B	cap-17.md	45	cuerda|\bcabo\b|cuchillo|navaja|cuchilla|\bhoja\b|\barma\b|\bcoche\b|\bgas\b|escape|ferry|naust|\bagua\b|\bmar\b|fiordo|hielo|fr[íi]o|acantilado|puente|carretera|Koppangen|\bUNN\b	—Cuchillo.
B	cap-17.md	49	cuerda|\bcabo\b|cuchillo|navaja|cuchilla|\bhoja\b|\barma\b|\bcoche\b|\bgas\b|escape|ferry|naust|\bagua\b|\bmar\b|fiordo|hielo|fr[íi]o|acantilado|puente|carretera|Koppangen|\bUNN\b	El contacto solo durará mientras la apelación permanezca abierta. Al cerrarse, Cuchillo perderá el extremo desde el que puede actuar.
B	cap-17.md	53	cuerda|\bcabo\b|cuchillo|navaja|cuchilla|\bhoja\b|\barma\b|\bcoche\b|\bgas\b|escape|ferry|naust|\bagua\b|\bmar\b|fiordo|hielo|fr[íi]o|acantilado|puente|carretera|Koppangen|\bUNN\b	Cuchillo muestra dos resoluciones.
B	cap-17.md	61	cuerda|\bcabo\b|cuchillo|navaja|cuchilla|\bhoja\b|\barma\b|\bcoche\b|\bgas\b|escape|ferry|naust|\bagua\b|\bmar\b|fiordo|hielo|fr[íi]o|acantilado|puente|carretera|Koppangen|\bUNN\b	—Si no respondo, cuentan la demora —dice Cuchillo—. Si respondo, usan la salida y me quitan el resultado.
B	cap-17.md	67	cuerda|\bcabo\b|cuchillo|navaja|cuchilla|\bhoja\b|\barma\b|\bcoche\b|\bgas\b|escape|ferry|naust|\bagua\b|\bmar\b|fiordo|hielo|fr[íi]o|acantilado|puente|carretera|Koppangen|\bUNN\b	Cuchillo prepara una medida de contención. La tarea encuentra dos destinos: Armstrong y la persona que pidió protección mediante uno de sus servicios.
B	cap-17.md	69	cuerda|\bcabo\b|cuchillo|navaja|cuchilla|\bhoja\b|\barma\b|\bcoche\b|\bgas\b|escape|ferry|naust|\bagua\b|\bmar\b|fiordo|hielo|fr[íi]o|acantilado|puente|carretera|Koppangen|\bUNN\b	—La marca basta —dice Cuchillo.
B	cap-17.md	95	cuerda|\bcabo\b|cuchillo|navaja|cuchilla|\bhoja\b|\barma\b|\bcoche\b|\bgas\b|escape|ferry|naust|\bagua\b|\bmar\b|fiordo|hielo|fr[íi]o|acantilado|puente|carretera|Koppangen|\bUNN\b	Jean conserva el dictamen bajo el origen de Cuchillo.
B	cap-17.md	103	cuerda|\bcabo\b|cuchillo|navaja|cuchilla|\bhoja\b|\barma\b|\bcoche\b|\bgas\b|escape|ferry|naust|\bagua\b|\bmar\b|fiordo|hielo|fr[íi]o|acantilado|puente|carretera|Koppangen|\bUNN\b	La apelación se cierra bajo `JM-L/0188`, con la voluntad de dañar a Armstrong atribuida a Cuchillo.
B	cap-17.md	145	cuerda|\bcabo\b|cuchillo|navaja|cuchilla|\bhoja\b|\barma\b|\bcoche\b|\bgas\b|escape|ferry|naust|\bagua\b|\bmar\b|fiordo|hielo|fr[íi]o|acantilado|puente|carretera|Koppangen|\bUNN\b	Cuchillo sigue en el borde de revisión.
B	cap-17.md	159	cuerda|\bcabo\b|cuchillo|navaja|cuchilla|\bhoja\b|\barma\b|\bcoche\b|\bgas\b|escape|ferry|naust|\bagua\b|\bmar\b|fiordo|hielo|fr[íi]o|acantilado|puente|carretera|Koppangen|\bUNN\b	—PRUEBA INSUFICIENTE —dice Cuchillo.
B	cap-17.md	177	cuerda|\bcabo\b|cuchillo|navaja|cuchilla|\bhoja\b|\barma\b|\bcoche\b|\bgas\b|escape|ferry|naust|\bagua\b|\bmar\b|fiordo|hielo|fr[íi]o|acantilado|puente|carretera|Koppangen|\bUNN\b	Cuchillo alcanza el borde.
B	cap-17.md	183	cuerda|\bcabo\b|cuchillo|navaja|cuchilla|\bhoja\b|\barma\b|\bcoche\b|\bgas\b|escape|ferry|naust|\bagua\b|\bmar\b|fiordo|hielo|fr[íi]o|acantilado|puente|carretera|Koppangen|\bUNN\b	Cuchillo fija su origen sobre la petición y pierde el contacto al cerrarse el caso.
B	cap-17.md	203	cuerda|\bcabo\b|cuchillo|navaja|cuchilla|\bhoja\b|\barma\b|\bcoche\b|\bgas\b|escape|ferry|naust|\bagua\b|\bmar\b|fiordo|hielo|fr[íi]o|acantilado|puente|carretera|Koppangen|\bUNN\b	La copia contiene el audio neutro, no la escala, a Nieve ni a Cuchillo. La etiqueta no muestra receptor ni efecto.
A	cap-18.md	15	descans|\bpaz\b|liberaci|liber[óo]|alivio|por fin|al fin\b|l[óo]gic|coherente con ella|valiente|cobard|ego[íi]s|d[ée]bil|no pudo m[áa]s|mejor as[íi]|mejor muerta	Nora señaló sobre el teclado las posiciones uno, tres y cinco, sin hacerlo sonar. La clave de Gunnar llevaba más de una semana fingiendo ser una serie de números; por fin tenía la forma de una digitación.
A	cap-18.md	19	descans|\bpaz\b|liberaci|liber[óo]|alivio|por fin|al fin\b|l[óo]gic|coherente con ella|valiente|cobard|ego[íi]s|d[ée]bil|no pudo m[áa]s|mejor as[íi]|mejor muerta	La tarjeta descansaba junto a la estación de audio, dentro de una funda transparente. El aula MD olía a polvo caliente y a goma de cables. Había atriles apilados contra una pared y marcas de cinta de colores en el suelo. El teclado ocupaba la mesa donde en mayo le habían pedido que esperase el resultado de la primera prueba.
B	cap-18.md	103	explica|fases del duelo|superar|cerrar el duelo|pasar p[áa]gina|seguir adelante|sanar|curar|se[ñn]ales|pod[íi]ais haber|si hubier|deber[íi]ais	Ningún nombre. Ninguna explicación de qué era la salida, qué se le había pedido ni de dónde procedía el contexto.
A	cap-18.md	191	se fue|se ha ido|nos dej[óo]|nos ha dejado|demasiado pronto|perdimos a	—Gunnar ha muerto. Ese dictamen ha salido demasiado pronto. Jessie, aléjate de la ventana. Yo llamo a Astrid y guardo la tarjeta.
B	cap-18.md	197	perd[óo]n|lo siento|os quiero|te quiero|\bcuidad\b|\bcuidaos\b|prometo|no es culpa|no llor|s[ée] fuerte	—Gunnar muerto no rellena los rectángulos grises. Perdón. No quería decirlo así.
B	cap-18.md	241	cuerda|\bcabo\b|cuchillo|navaja|cuchilla|\bhoja\b|\barma\b|\bcoche\b|\bgas\b|escape|ferry|naust|\bagua\b|\bmar\b|fiordo|hielo|fr[íi]o|acantilado|puente|carretera|Koppangen|\bUNN\b	Las coordenadas delimitaban un rectángulo estrecho junto a un fiordo, no una dirección.
B	cap-18.md	243	cuerda|\bcabo\b|cuchillo|navaja|cuchilla|\bhoja\b|\barma\b|\bcoche\b|\bgas\b|escape|ferry|naust|\bagua\b|\bmar\b|fiordo|hielo|fr[íi]o|acantilado|puente|carretera|Koppangen|\bUNN\b	Maja abrió el ordenador de trabajo, cargó el mapa de la red oceanográfica y desplazó la costa hasta Lyngen. La forma del saliente coincidió antes que los números. Sørkoppen apareció en el margen, cuatro kilómetros al sur de Koppangen.
B	cap-19.md	15	cuerda|\bcabo\b|cuchillo|navaja|cuchilla|\bhoja\b|\barma\b|\bcoche\b|\bgas\b|escape|ferry|naust|\bagua\b|\bmar\b|fiordo|hielo|fr[íi]o|acantilado|puente|carretera|Koppangen|\bUNN\b	El ferry atrapó las ruedas del coche corporativo entre dos calzos amarillos mientras Mats arrancaba la funda de papel de un gofre.
B	cap-19.md	35	cuerda|\bcabo\b|cuchillo|navaja|cuchilla|\bhoja\b|\barma\b|\bcoche\b|\bgas\b|escape|ferry|naust|\bagua\b|\bmar\b|fiordo|hielo|fr[íi]o|acantilado|puente|carretera|Koppangen|\bUNN\b	Al final figuraba una fotografía aérea de la cala y el aparcamiento. Detrás se levantaban dos naves rectangulares. Una conducción desaparecía bajo el agua. Alana amplió la imagen hasta que los píxeles deshicieron los límites del edificio.
B	cap-19.md	57	cuerda|\bcabo\b|cuchillo|navaja|cuchilla|\bhoja\b|\barma\b|\bcoche\b|\bgas\b|escape|ferry|naust|\bagua\b|\bmar\b|fiordo|hielo|fr[íi]o|acantilado|puente|carretera|Koppangen|\bUNN\b	Continuaron por la península. En Lyngseidet, un quitanieves los obligó a reducir la marcha junto a la gasolinera. Más adelante desaparecieron las fachadas y quedaron los reflectores hundidos en nieve sucia, la pared de la montaña y, al otro lado, el Lyngenfjord bajo la luz azul del mediodía. La carretera se estrechó camino de Koppangen.
B	cap-19.md	59	cuerda|\bcabo\b|cuchillo|navaja|cuchilla|\bhoja\b|\barma\b|\bcoche\b|\bgas\b|escape|ferry|naust|\bagua\b|\bmar\b|fiordo|hielo|fr[íi]o|acantilado|puente|carretera|Koppangen|\bUNN\b	Jean había seguido por aquella carretera hasta que se acababa, en Koppangen.
B	cap-19.md	71	cuerda|\bcabo\b|cuchillo|navaja|cuchilla|\bhoja\b|\barma\b|\bcoche\b|\bgas\b|escape|ferry|naust|\bagua\b|\bmar\b|fiordo|hielo|fr[íi]o|acantilado|puente|carretera|Koppangen|\bUNN\b	Antes de dejarlos pasar, puso en marcha un vídeo de seguridad y dejó ante Alana una hoja de confidencialidad con la hora impresa, 13:17. La proyección mostró el punto de reunión, la alarma de evacuación y el equipo obligatorio en las zonas técnicas. Mats pulsó «comprendido» antes de que apareciera el botón. La recepcionista reinició el último tramo y marcó con rotulador el pasillo autorizado.
B	cap-19.md	83	cuerda|\bcabo\b|cuchillo|navaja|cuchilla|\bhoja\b|\barma\b|\bcoche\b|\bgas\b|escape|ferry|naust|\bagua\b|\bmar\b|fiordo|hielo|fr[íi]o|acantilado|puente|carretera|Koppangen|\bUNN\b	Alana conocía aquella clase de instalación. Había aprobado tres ampliaciones y defendido ante el Storting el uso del fiordo como ventaja energética. Bajo las suelas persistía la vibración mínima de las bombas. El rumor grave de los ventiladores sonaba como mar detrás de una pared.
B	cap-19.md	171	cuerda|\bcabo\b|cuchillo|navaja|cuchilla|\bhoja\b|\barma\b|\bcoche\b|\bgas\b|escape|ferry|naust|\bagua\b|\bmar\b|fiordo|hielo|fr[íi]o|acantilado|puente|carretera|Koppangen|\bUNN\b	Una puerta automática comunicaba Operaciones con la galería de observación. Mats pasó su tarjeta y la hoja de cristal se apartó. Entraron.
B	cap-19.md	199	cuerda|\bcabo\b|cuchillo|navaja|cuchilla|\bhoja\b|\barma\b|\bcoche\b|\bgas\b|escape|ferry|naust|\bagua\b|\bmar\b|fiordo|hielo|fr[íi]o|acantilado|puente|carretera|Koppangen|\bUNN\b	Un conducto ancho cruzaba el techo de la sala y entraba en la pared orientada al fiordo. Alana lo siguió con la vista hasta que el metal desapareció. En el esquema de la galería, el circuito marino abierto —toma, intercambiador, retorno— aparecía separado de los dos lazos interiores cerrados y redundantes. La barra naranja de `JM-L/0000` permaneció inmóvil a una fracción del límite. Mats aguardaba a su lado.
B	cap-20.md	17	cuerda|\bcabo\b|cuchillo|navaja|cuchilla|\bhoja\b|\barma\b|\bcoche\b|\bgas\b|escape|ferry|naust|\bagua\b|\bmar\b|fiordo|hielo|fr[íi]o|acantilado|puente|carretera|Koppangen|\bUNN\b	Un rectángulo ámbar brillaba en la lámina. Maja permaneció junto al sendero. Detrás de ella, el coche seguía encendido, con Nora en el asiento trasero y el vaho velando los cristales. Jessie se había apoyado en el capó, el teléfono bajo la manga de la sudadera. No apartaba los ojos de Alana.
B	cap-20.md	37	cuerda|\bcabo\b|cuchillo|navaja|cuchilla|\bhoja\b|\barma\b|\bcoche\b|\bgas\b|escape|ferry|naust|\bagua\b|\bmar\b|fiordo|hielo|fr[íi]o|acantilado|puente|carretera|Koppangen|\bUNN\b	Alana miró el coche. Apenas distinguía el contorno de Nora tras el vaho.
A	cap-20.md	61	descans|\bpaz\b|liberaci|liber[óo]|alivio|por fin|al fin\b|l[óo]gic|coherente con ella|valiente|cobard|ego[íi]s|d[ée]bil|no pudo m[áa]s|mejor as[íi]|mejor muerta	Maja avanzó por fin, pero dejó la clave en el banco.
B	cap-20.md	209	cuerda|\bcabo\b|cuchillo|navaja|cuchilla|\bhoja\b|\barma\b|\bcoche\b|\bgas\b|escape|ferry|naust|\bagua\b|\bmar\b|fiordo|hielo|fr[íi]o|acantilado|puente|carretera|Koppangen|\bUNN\b	Jessie rodeó el coche y ocupó el asiento delantero. Guardó el teléfono en el bolsillo interior de la sudadera.
A	cap-21.md	73	Despedida|nota de despedida|carta de despedida|mensaje de despedida|adi[óo]s|[úu]ltimo mensaje|[úu]ltima frase|[úu]ltimas palabras	Una despedida puede ser una broma o una orden de no volver. Jean deriva el caso porque ha perdido el intercambio anterior. En la tarea siguiente ya no conserva qué relación alteraba el sentido.
A	cap-22.md	105	por qu[ée] lo hizo|por qu[ée] se |por qu[ée] Koppangen|la causa de|el motivo de|la raz[óo]n de	—La memoria contextual es la razón de que ARGOS supere a un clasificador corriente.
A	cap-22.md	121	descans|\bpaz\b|liberaci|liber[óo]|alivio|por fin|al fin\b|l[óo]gic|coherente con ella|valiente|cobard|ego[íi]s|d[ée]bil|no pudo m[áa]s|mejor as[íi]|mejor muerta	—Si exige una renovación que solo puede prestar el propio sujeto, cada muerte vuelve inutilizable el corpus. El plazo biológico estaría decidiendo por nosotros. No… estaría decidiendo qué opciones podemos ofrecer.
A	cap-22.md	135	por qu[ée] lo hizo|por qu[ée] se |por qu[ée] Koppangen|la causa de|el motivo de|la raz[óo]n de	Nora le mostró el mensaje. Era una cita de entrega voluntaria emitida por la TKS: indicaba aquel banco y una hora, no el motivo de la presencia de Astrid en «Fyret». Astrid se quedó de pie.
B	cap-23.md	17	pecho|desnud|bes[óo]|\bbeso|guapa|labios|piernas|muslo|sujetador|ropa interior|\bsexo|sexual|novi[oa]s?\b	Nora tenía las manos debajo de los muslos, sentada en el taburete del piano. Una tecla del mi se había quedado un milímetro más baja que las demás. Llevaba meses así. A su izquierda, Astrid Vik sostenía la tableta apagada sobre las rodillas. Desde el marco de la puerta, Jessie fingía que solo pasaba.
B	cap-23.md	73	pecho|desnud|bes[óo]|\bbeso|guapa|labios|piernas|muslo|sujetador|ropa interior|\bsexo|sexual|novi[oa]s?\b	Nora sacó las manos de debajo de las piernas.
B	cap-23.md	93	perd[óo]n|lo siento|os quiero|te quiero|\bcuidad\b|\bcuidaos\b|prometo|no es culpa|no llor|s[ée] fuerte	Jean dejaba ese hueco antes de decir «Nora» cuando quería pedirle que bajara la música o que perdonase a Jessie.
A	cap-23.md	173	descans|\bpaz\b|liberaci|liber[óo]|alivio|por fin|al fin\b|l[óo]gic|coherente con ella|valiente|cobard|ego[íi]s|d[ée]bil|no pudo m[áa]s|mejor as[íi]|mejor muerta	Maja apartó la vista del altavoz y la dejó descansar en el frontal cerrado del piano.
A	cap-23.md	185	hacer(se|te|me) da[ñn]o|ideaci[óo]n|sufri|sin dolor|no sufr	La llevaba consigo desde la confesión de Alana. En todas sus versiones, la respuesta llegaba antes que la pregunta. Sí. Estoy aquí. Soy yo. Las palabras que una hija fabricaría para hacerse daño con precisión.
B	cap-23.md	193	cuerda|\bcabo\b|cuchillo|navaja|cuchilla|\bhoja\b|\barma\b|\bcoche\b|\bgas\b|escape|ferry|naust|\bagua\b|\bmar\b|fiordo|hielo|fr[íi]o|acantilado|puente|carretera|Koppangen|\bUNN\b	Un coche pasó por la calle y proyectó dos barras de luz sobre el techo. Maja mantuvo la mano junto al terminal. Astrid dejó de escribir. En el marco, Jessie hundió un hombro en la madera.
B	cap-23.md	235	cuerda|\bcabo\b|cuchillo|navaja|cuchilla|\bhoja\b|\barma\b|\bcoche\b|\bgas\b|escape|ferry|naust|\bagua\b|\bmar\b|fiordo|hielo|fr[íi]o|acantilado|puente|carretera|Koppangen|\bUNN\b	Una de las patas de aquel banco se hundía en primavera y obligaba a sentarse torcido. Jean lo escogía porque desde allí podía vigilar a las gemelas sin levantarse cada vez que corrían hacia el agua.
B	cap-23.md	251	cuerda|\bcabo\b|cuchillo|navaja|cuchilla|\bhoja\b|\barma\b|\bcoche\b|\bgas\b|escape|ferry|naust|\bagua\b|\bmar\b|fiordo|hielo|fr[íi]o|acantilado|puente|carretera|Koppangen|\bUNN\b	—Mezclo las tardes. En una, Jessie se cayó al agua. En otra, Jean encontró un guante. Si pongo las voces, inventaré quién dijo qué.
A	cap-23.md	255	[úu]ltimas horas|[úu]ltimo trayecto|trayecto final|la tarde del 26|aquella tarde|aquella noche|orilla	La Jardinera retiró dos siluetas que acababan de aparecer junto a la orilla. La fogata ajena permaneció. También el asiento torcido y la escarcha.
B	cap-23.md	263	cuerda|\bcabo\b|cuchillo|navaja|cuchilla|\bhoja\b|\barma\b|\bcoche\b|\bgas\b|escape|ferry|naust|\bagua\b|\bmar\b|fiordo|hielo|fr[íi]o|acantilado|puente|carretera|Koppangen|\bUNN\b	Nora encontró en la pantalla la mancha oscura donde el hielo se derretía bajo el banco. Jean había metido allí un guante perdido para que no se mojara más. Durante meses, cada vez que pasaban, las gemelas comprobaban si alguien había vuelto a buscarlo. La Jardinera había omitido el guante.
B	cap-23.md	293	alcohol|beb[ií]|borrach|fumar|porro|droga|cortarse|se cort[óo]|autolesi|vomit|dej[óo] de comer|no com[íi]a|adelgaz	El audio se cortó en mitad del siseo. La imagen desapareció. Después se apagó el cuadro de texto y quedó una pantalla blanca con el aviso en negro.
B	cap-24.md	15	cuerda|\bcabo\b|cuchillo|navaja|cuchilla|\bhoja\b|\barma\b|\bcoche\b|\bgas\b|escape|ferry|naust|\bagua\b|\bmar\b|fiordo|hielo|fr[íi]o|acantilado|puente|carretera|Koppangen|\bUNN\b	Tomas encontró la primera discrepancia a cuarenta pasos de la curva. La sal había borrado las marcas del coche, no el anclaje viejo bajo la barrera. La baliza nueva quedaba cuatro metros más al norte; el croquis daba a ambas la misma posición.
B	cap-24.md	19	cuerda|\bcabo\b|cuchillo|navaja|cuchilla|\bhoja\b|\barma\b|\bcoche\b|\bgas\b|escape|ferry|naust|\bagua\b|\bmar\b|fiordo|hielo|fr[íi]o|acantilado|puente|carretera|Koppangen|\bUNN\b	Tomas midió desde cada base hasta la curva. La baliza retirada perdía la visión tres segundos antes que la nueva. Allí empezaba la «supresión manual continuada» del dictamen. Un conductor que anulara la asistencia habría conservado delante una franja completa de carretera. Los registros decían otra cosa: pérdida de referencia, corrección tardía y salida de carril.
B	cap-24.md	21	explica|fases del duelo|superar|cerrar el duelo|pasar p[áa]gina|seguir adelante|sanar|curar|se[ñn]ales|pod[íi]ais haber|si hubier|deber[íi]ais	Tomas se agachó junto a la base de la barrera. Bajo la chapa quedaba el cable cortado de la baliza anterior, recogido con una brida blanca. Leyó la fecha del precinto. La habían sustituido después de descargar la telemetría del tramo. La reconstrucción había usado la posición nueva para explicar una señal emitida por la antigua.
A	cap-24.md	35	atestado|forense|autopsia|cad[áa]ver|efectos personales|levantamiento|el cuerpo de Jean|la encontr	El vehículo esperaba en el depósito forense con la batería aislada y una funda sobre la chapa golpeada. El terminal de servicio estaba enchufado al puerto delantero. Olía a caucho y limpiador industrial.
B	cap-24.md	71	cuerda|\bcabo\b|cuchillo|navaja|cuchilla|\bhoja\b|\barma\b|\bcoche\b|\bgas\b|escape|ferry|naust|\bagua\b|\bmar\b|fiordo|hielo|fr[íi]o|acantilado|puente|carretera|Koppangen|\bUNN\b	Kronfjord Kapital contrataba a Hvelv Sikkerhet para proteger las claves de mantenimiento de la flota. Su CA intermedia había emitido el certificado hoja, limitado a aquel vehículo. La intervención figuraba como «diligencia de activo crítico», sin orden de trabajo ni aceptación del propietario.
B	cap-24.md	81	cuerda|\bcabo\b|cuchillo|navaja|cuchilla|\bhoja\b|\barma\b|\bcoche\b|\bgas\b|escape|ferry|naust|\bagua\b|\bmar\b|fiordo|hielo|fr[íi]o|acantilado|puente|carretera|Koppangen|\bUNN\b	Tomas solicitó la exportación con custodia, incorporó la hoja Hvelv y dejó abierta a su nombre la posible manipulación deliberada con resultado mortal.
B	cap-24.md	93	cuerda|\bcabo\b|cuchillo|navaja|cuchilla|\bhoja\b|\barma\b|\bcoche\b|\bgas\b|escape|ferry|naust|\bagua\b|\bmar\b|fiordo|hielo|fr[íi]o|acantilado|puente|carretera|Koppangen|\bUNN\b	—El coche de Rydberg recibió una actualización no autorizada. El certificado conduce al proveedor de seguridad de la cadena de Kronfjord Kapital.
B	cap-24.md	95	cuerda|\bcabo\b|cuchillo|navaja|cuchilla|\bhoja\b|\barma\b|\bcoche\b|\bgas\b|escape|ferry|naust|\bagua\b|\bmar\b|fiordo|hielo|fr[íi]o|acantilado|puente|carretera|Koppangen|\bUNN\b	Al otro lado se oyó pasar una hoja.
B	cap-24.md	123	cuerda|\bcabo\b|cuchillo|navaja|cuchilla|\bhoja\b|\barma\b|\bcoche\b|\bgas\b|escape|ferry|naust|\bagua\b|\bmar\b|fiordo|hielo|fr[íi]o|acantilado|puente|carretera|Koppangen|\bUNN\b	Preservó el inventario de certificados hoja activos de la misma CA intermedia y programó su reconciliación para la mañana del lanzamiento.
B	cap-24.md	131	cuerda|\bcabo\b|cuchillo|navaja|cuchilla|\bhoja\b|\barma\b|\bcoche\b|\bgas\b|escape|ferry|naust|\bagua\b|\bmar\b|fiordo|hielo|fr[íi]o|acantilado|puente|carretera|Koppangen|\bUNN\b	Jessie vio el coche por tercera vez cuando Maja salió del aparcamiento del supermercado.
B	cap-24.md	141	cuerda|\bcabo\b|cuchillo|navaja|cuchilla|\bhoja\b|\barma\b|\bcoche\b|\bgas\b|escape|ferry|naust|\bagua\b|\bmar\b|fiordo|hielo|fr[íi]o|acantilado|puente|carretera|Koppangen|\bUNN\b	Maja tomó la entrada de una gasolinera. El coche gris las siguió hasta la zona de aspiradores y se detuvo dos plazas más allá. Dentro había una sola silueta. Jessie ya tenía el móvil fuera.
B	cap-24.md	147	cuerda|\bcabo\b|cuchillo|navaja|cuchilla|\bhoja\b|\barma\b|\bcoche\b|\bgas\b|escape|ferry|naust|\bagua\b|\bmar\b|fiordo|hielo|fr[íi]o|acantilado|puente|carretera|Koppangen|\bUNN\b	Caminó de frente hacia el otro coche con la cámara levantada. Grabó la matrícula, el distintivo del parabrisas y el rostro que se apartó tras el reflejo. Cuando el conductor puso el intermitente para salir, Jessie se desplazó para mantener la matrícula en cuadro y quedó a dos metros del capó.
B	cap-24.md	159	cuerda|\bcabo\b|cuchillo|navaja|cuchilla|\bhoja\b|\barma\b|\bcoche\b|\bgas\b|escape|ferry|naust|\bagua\b|\bmar\b|fiordo|hielo|fr[íi]o|acantilado|puente|carretera|Koppangen|\bUNN\b	El coche avanzó medio metro. Maja apartó a Jessie y ella retrocedió sin bajar el móvil. Dos empleados miraban desde la puerta de la gasolinera.
B	cap-24.md	165	cuerda|\bcabo\b|cuchillo|navaja|cuchilla|\bhoja\b|\barma\b|\bcoche\b|\bgas\b|escape|ferry|naust|\bagua\b|\bmar\b|fiordo|hielo|fr[íi]o|acantilado|puente|carretera|Koppangen|\bUNN\b	La patrulla tardó siete minutos. Jessie vinculó llamada y cámaras a su denuncia. El vídeo situaba matrícula, distintivo y rostro antes del avance del coche.
B	cap-24.md	177	cuerda|\bcabo\b|cuchillo|navaja|cuchilla|\bhoja\b|\barma\b|\bcoche\b|\bgas\b|escape|ferry|naust|\bagua\b|\bmar\b|fiordo|hielo|fr[íi]o|acantilado|puente|carretera|Koppangen|\bUNN\b	Al comenzar la segunda hora entró Maja. Una cámara municipal situaba el coche ante la casa. La empresa alegaba una evaluación autorizada de exposición, pero no aportaba la autorización.
B	cap-24.md	193	cuerda|\bcabo\b|cuchillo|navaja|cuchilla|\bhoja\b|\barma\b|\bcoche\b|\bgas\b|escape|ferry|naust|\bagua\b|\bmar\b|fiordo|hielo|fr[íi]o|acantilado|puente|carretera|Koppangen|\bUNN\b	—Él ha sido identificado y su conducta se revisará —dijo la funcionaria—. Tú eres menor y te pusiste delante de un coche en marcha.
B	cap-24.md	205	cuerda|\bcabo\b|cuchillo|navaja|cuchilla|\bhoja\b|\barma\b|\bcoche\b|\bgas\b|escape|ferry|naust|\bagua\b|\bmar\b|fiordo|hielo|fr[íi]o|acantilado|puente|carretera|Koppangen|\bUNN\b	Al salir de la comisaría, el coche gris ya no estaba. Maja había revisado el aparcamiento antes de abrirle la puerta, sin decir lo que buscaba. Ahora cambiaba de carril con tiempo y dejaba pasar dos semáforos en ámbar. Jessie observó cada par de faros que repetía un giro. Ninguno llegó al tercero.
B	cap-24.md	209	cuerda|\bcabo\b|cuchillo|navaja|cuchilla|\bhoja\b|\barma\b|\bcoche\b|\bgas\b|escape|ferry|naust|\bagua\b|\bmar\b|fiordo|hielo|fr[íi]o|acantilado|puente|carretera|Koppangen|\bUNN\b	Maja mantuvo las dos manos en el volante. Pasaron bajo las luces del puente. Jessie miró la matrícula congelada en la pantalla.
A	cap-25.md	83	descans|\bpaz\b|liberaci|liber[óo]|alivio|por fin|al fin\b|l[óo]gic|coherente con ella|valiente|cobard|ego[íi]s|d[ée]bil|no pudo m[áa]s|mejor as[íi]|mejor muerta	`MOTIVO · INTERRUPCIÓN BIOLÓGICA`
B	cap-25.md	105	explica|fases del duelo|superar|cerrar el duelo|pasar p[áa]gina|seguir adelante|sanar|curar|se[ñn]ales|pod[íi]ais haber|si hubier|deber[íi]ais	—¿Qué hiciste con las señales?
A	cap-25.md	115	descans|\bpaz\b|liberaci|liber[óo]|alivio|por fin|al fin\b|l[óo]gic|coherente con ella|valiente|cobard|ego[íi]s|d[ée]bil|no pudo m[áa]s|mejor as[íi]|mejor muerta	La hora de una amenaza citada entra junto a las 21:52 y desplaza `INTERRUPCIÓN BIOLÓGICA`.
B	cap-26.md	23	cuerda|\bcabo\b|cuchillo|navaja|cuchilla|\bhoja\b|\barma\b|\bcoche\b|\bgas\b|escape|ferry|naust|\bagua\b|\bmar\b|fiordo|hielo|fr[íi]o|acantilado|puente|carretera|Koppangen|\bUNN\b	Le dio a Nora un cubo pequeño para que llenase el depósito de la cocina. A Maja le enseñó dónde dejar las botas y le encargó sacar por la mañana la ceniza fría. Parte del equipaje seguía en el coche y ninguna sabía cuánto tiempo podría llamar suyo a aquel cuarto.
B	cap-26.md	27	cuerda|\bcabo\b|cuchillo|navaja|cuchilla|\bhoja\b|\barma\b|\bcoche\b|\bgas\b|escape|ferry|naust|\bagua\b|\bmar\b|fiordo|hielo|fr[íi]o|acantilado|puente|carretera|Koppangen|\bUNN\b || alcohol|beb[ií]|borrach|fumar|porro|droga|cortarse|se cort[óo]|autolesi|vomit|dej[óo] de comer|no com[íi]a|adelgaz	Con el cuaderno pautado bajo el brazo, Nora subió mientras Jessie se encerraba en el baño. El agua golpeó el plato de la ducha durante tanto rato que Maja se levantó dos veces para echar otro leño y una tercera para retirar del fuego la cafetera, incapaz de sentarse mientras el chorro ocultara cualquier otro sonido. Cerca del final, el chorro se cortó. Al otro lado de la puerta llegó una aspiración rota. Después volvió el agua.
B	cap-26.md	33	cuerda|\bcabo\b|cuchillo|navaja|cuchilla|\bhoja\b|\barma\b|\bcoche\b|\bgas\b|escape|ferry|naust|\bagua\b|\bmar\b|fiordo|hielo|fr[íi]o|acantilado|puente|carretera|Koppangen|\bUNN\b	—Como preguntes, me vuelvo al coche.
B	cap-26.md	39	cuerda|\bcabo\b|cuchillo|navaja|cuchilla|\bhoja\b|\barma\b|\bcoche\b|\bgas\b|escape|ferry|naust|\bagua\b|\bmar\b|fiordo|hielo|fr[íi]o|acantilado|puente|carretera|Koppangen|\bUNN\b	Con la barbilla, Aslak señaló la escalera. Jessie subió. Al cabo de pocos minutos, la muchacha se durmió por primera vez en una semana sin rondar por las habitaciones.
B	cap-26.md	51	cuerda|\bcabo\b|cuchillo|navaja|cuchilla|\bhoja\b|\barma\b|\bcoche\b|\bgas\b|escape|ferry|naust|\bagua\b|\bmar\b|fiordo|hielo|fr[íi]o|acantilado|puente|carretera|Koppangen|\bUNN\b	Sobre la mesa, Maja apoyó los antebrazos. Había ensayado una versión corta durante el trayecto desde Tromsøya. Allí, con Jessie dormida arriba y el coche a medias delante de la puerta, cada omisión sonaba a una forma barata de protección.
B	cap-26.md	59	cuerda|\bcabo\b|cuchillo|navaja|cuchilla|\bhoja\b|\barma\b|\bcoche\b|\bgas\b|escape|ferry|naust|\bagua\b|\bmar\b|fiordo|hielo|fr[íi]o|acantilado|puente|carretera|Koppangen|\bUNN\b	—Eso es lo que miden el archivo y el agua —dijo Maja.
B	cap-26.md	61	cuerda|\bcabo\b|cuchillo|navaja|cuchilla|\bhoja\b|\barma\b|\bcoche\b|\bgas\b|escape|ferry|naust|\bagua\b|\bmar\b|fiordo|hielo|fr[íi]o|acantilado|puente|carretera|Koppangen|\bUNN\b	Mientras rehacía el empalme de un cabo fino, Aslak escuchó. Pasó la fibra por sus dedos, la tensó y la devolvió a la mesa.
B	cap-26.md	63	explica|fases del duelo|superar|cerrar el duelo|pasar p[áa]gina|seguir adelante|sanar|curar|se[ñn]ales|pod[íi]ais haber|si hubier|deber[íi]ais	Maja resumió la compilación, la cuarta nota y la sesión de La Jardinera. Conservaba recuerdos contrastables y dijo que no era toda Jean. El canal cayó sin explicación.
B	cap-26.md	73	cuerda|\bcabo\b|cuchillo|navaja|cuchilla|\bhoja\b|\barma\b|\bcoche\b|\bgas\b|escape|ferry|naust|\bagua\b|\bmar\b|fiordo|hielo|fr[íi]o|acantilado|puente|carretera|Koppangen|\bUNN\b	—Yo puedo mirar el agua. Hasta ahí.
B	cap-26.md	79	cuerda|\bcabo\b|cuchillo|navaja|cuchilla|\bhoja\b|\barma\b|\bcoche\b|\bgas\b|escape|ferry|naust|\bagua\b|\bmar\b|fiordo|hielo|fr[íi]o|acantilado|puente|carretera|Koppangen|\bUNN\b	—Un coche siguió a Jessie por tres lugares. Grabó la matrícula y lo encaró. La policía la retuvo dos horas.
B	cap-26.md	83	cuerda|\bcabo\b|cuchillo|navaja|cuchilla|\bhoja\b|\barma\b|\bcoche\b|\bgas\b|escape|ferry|naust|\bagua\b|\bmar\b|fiordo|hielo|fr[íi]o|acantilado|puente|carretera|Koppangen|\bUNN\b	Después de dejar el cabo, Aslak abrió el armario bajo el fregadero, sacó una lata redonda de galletas danesas y la puso cerrada sobre la mesa.
B	cap-26.md	87	cuerda|\bcabo\b|cuchillo|navaja|cuchilla|\bhoja\b|\barma\b|\bcoche\b|\bgas\b|escape|ferry|naust|\bagua\b|\bmar\b|fiordo|hielo|fr[íi]o|acantilado|puente|carretera|Koppangen|\bUNN\b	—Lo del coche se queda donde está. En esta lata guardo otra fecha y otra sociedad.
B	cap-26.md	93	cuerda|\bcabo\b|cuchillo|navaja|cuchilla|\bhoja\b|\barma\b|\bcoche\b|\bgas\b|escape|ferry|naust|\bagua\b|\bmar\b|fiordo|hielo|fr[íi]o|acantilado|puente|carretera|Koppangen|\bUNN\b	Las alegaciones marcaban la pesca local, el acceso al varadero y a los naust, el almacenamiento de artes y un caladero estacional. Entre los titulares, Maja reconoció a personas con las que había mantenido AK-7.
B	cap-26.md	139	cuerda|\bcabo\b|cuchillo|navaja|cuchilla|\bhoja\b|\barma\b|\bcoche\b|\bgas\b|escape|ferry|naust|\bagua\b|\bmar\b|fiordo|hielo|fr[íi]o|acantilado|puente|carretera|Koppangen|\bUNN\b || explica|fases del duelo|superar|cerrar el duelo|pasar p[áa]gina|seguir adelante|sanar|curar|se[ñn]ales|pod[íi]ais haber|si hubier|deber[íi]ais	Maja señaló el punto de la pluma. Al cruzar la temperatura con los perfiles de corriente, los picos se agrupaban y cambiaban de forma con cada inversión del agua. Los partes del permiso no lo explicaban.
B	cap-26.md	155	cuerda|\bcabo\b|cuchillo|navaja|cuchilla|\bhoja\b|\barma\b|\bcoche\b|\bgas\b|escape|ferry|naust|\bagua\b|\bmar\b|fiordo|hielo|fr[íi]o|acantilado|puente|carretera|Koppangen|\bUNN\b	Maja eligió dos descensos separados por tres semanas. Coincidían con una bajamar viva y la misma masa de agua. La temperatura seguía el calor, no el volumen de la instalación.
B	cap-26.md	165	cuerda|\bcabo\b|cuchillo|navaja|cuchilla|\bhoja\b|\barma\b|\bcoche\b|\bgas\b|escape|ferry|naust|\bagua\b|\bmar\b|fiordo|hielo|fr[íi]o|acantilado|puente|carretera|Koppangen|\bUNN\b	—Necesito comprobarlo varias veces desde el agua —dijo Maja—, cruzando el sonido y el perfil de corriente del ADCP con la serie.
B	cap-26.md	169	explica|fases del duelo|superar|cerrar el duelo|pasar p[áa]gina|seguir adelante|sanar|curar|se[ñn]ales|pod[íi]ais haber|si hubier|deber[íi]ais	Nora apareció en la puerta del cobertizo. Traía el cuaderno abierto por una página limpia y, sin pedir explicaciones, dibujó dos rayas verticales sobre el pentagrama. Debajo escribió AK-7 y barca.
B	cap-26.md	177	cuerda|\bcabo\b|cuchillo|navaja|cuchilla|\bhoja\b|\barma\b|\bcoche\b|\bgas\b|escape|ferry|naust|\bagua\b|\bmar\b|fiordo|hielo|fr[íi]o|acantilado|puente|carretera|Koppangen|\bUNN\b	—Dormís aquí —dijo Aslak—. Mañana sacamos la barca si el hielo deja libre el amarre.
B	cap-26.md	185	cuerda|\bcabo\b|cuchillo|navaja|cuchilla|\bhoja\b|\barma\b|\bcoche\b|\bgas\b|escape|ferry|naust|\bagua\b|\bmar\b|fiordo|hielo|fr[íi]o|acantilado|puente|carretera|Koppangen|\bUNN\b	Nora volvió a la casa con Aslak. Maja se quedó en el cobertizo para vaciar la cubeta que recogía el agua de la red. La llevó hasta el desagüe, volcó el agua salobre y aclaró el fondo con un cazo. Al agacharse para devolverla bajo los pliegues húmedos, dejó la tarea a medias y se sentó en el banco. Tenía sal seca en las muñecas y la espalda ya no encontraba una postura que no doliese. La cubeta siguió a sus pies hasta que el frío del banco atravesó el pantalón.
B	cap-27.md	73	cuerda|\bcabo\b|cuchillo|navaja|cuchilla|\bhoja\b|\barma\b|\bcoche\b|\bgas\b|escape|ferry|naust|\bagua\b|\bmar\b|fiordo|hielo|fr[íi]o|acantilado|puente|carretera|Koppangen|\bUNN\b	La resolución conservaba su condición de accionista y le asignaba un despacho de transición. Le prohibía acceder a producción y decidir sobre SPEIL. Alana descargó el acta. Cada página llevaba la marca de agua CONFLICTO EMOCIONAL.
B	cap-27.md	127	cuerda|\bcabo\b|cuchillo|navaja|cuchilla|\bhoja\b|\barma\b|\bcoche\b|\bgas\b|escape|ferry|naust|\bagua\b|\bmar\b|fiordo|hielo|fr[íi]o|acantilado|puente|carretera|Koppangen|\bUNN\b	Los protocolos de SPEIL ocupaban dos baldas y once años de revisiones. Alana buscó el expediente del Sujeto Cero. Antes de grabar su declaración, quería contrastar qué consentimiento había aceptado en UNN. Encontró una carpeta gris con el nombre completo de Jean en el lomo y la fecha de la compilación escrita a lápiz.
B	cap-27.md	129	cuerda|\bcabo\b|cuchillo|navaja|cuchilla|\bhoja\b|\barma\b|\bcoche\b|\bgas\b|escape|ferry|naust|\bagua\b|\bmar\b|fiordo|hielo|fr[íi]o|acantilado|puente|carretera|Koppangen|\bUNN\b	Dentro había una copia de gobernanza del consentimiento inicial, las extensiones de uso y la cláusula de revocación. Al final, separada por una pestaña amarilla, aparecía una hoja que Alana no conocía.
A	cap-27.md	139	descans|\bpaz\b|liberaci|liber[óo]|alivio|por fin|al fin\b|l[óo]gic|coherente con ella|valiente|cobard|ego[íi]s|d[ée]bil|no pudo m[áa]s|mejor as[íi]|mejor muerta	La resolución, fechada el doce de diciembre, invocaba la interrupción biológica y no convalidaba lo realizado durante la cola. Una referencia enlazaba la autorización de origen atribuida a Jean con el número que Alana había leído en UNN.
B	cap-27.md	155	cuerda|\bcabo\b|cuchillo|navaja|cuchilla|\bhoja\b|\barma\b|\bcoche\b|\bgas\b|escape|ferry|naust|\bagua\b|\bmar\b|fiordo|hielo|fr[íi]o|acantilado|puente|carretera|Koppangen|\bUNN\b	Guardó la lámina en el bolsillo interior de la bolsa antiestática, cerró de nuevo la segunda caja y la llevó al coche. La primera, con el retrato y la taza, quedó consignada junto a recepción para recogerla después.
B	cap-28.md	21	cuerda|\bcabo\b|cuchillo|navaja|cuchilla|\bhoja\b|\barma\b|\bcoche\b|\bgas\b|escape|ferry|naust|\bagua\b|\bmar\b|fiordo|hielo|fr[íi]o|acantilado|puente|carretera|Koppangen|\bUNN\b	Nora anotó la salida cuando la rampa dejó atrás Breivikeidet, a las 16:12. Ensayaban el circuito completo desde Tromsø y debían volver esa noche. En el cuaderno había subrayado dos límites. Salir del mirador a las 21:45. Tomar en Svensby el último ferry, a las 22:40.
B	cap-28.md	25	cuerda|\bcabo\b|cuchillo|navaja|cuchilla|\bhoja\b|\barma\b|\bcoche\b|\bgas\b|escape|ferry|naust|\bagua\b|\bmar\b|fiordo|hielo|fr[íi]o|acantilado|puente|carretera|Koppangen|\bUNN\b	Maja señaló el agua tras el cristal. Bajo la luz azul del exterior, dos superficies distintas se tocaban en una línea oblicua. A un lado, las crestas se deshacían enseguida. Al otro aguantaban, cortas y oscuras.
B	cap-28.md	27	cuerda|\bcabo\b|cuchillo|navaja|cuchilla|\bhoja\b|\barma\b|\bcoche\b|\bgas\b|escape|ferry|naust|\bagua\b|\bmar\b|fiordo|hielo|fr[íi]o|acantilado|puente|carretera|Koppangen|\bUNN\b	—Mirad la costura y dónde vuelve la espuma. La tabla de mareas da una hora y una altura. Esto dice qué hace el agua ahora.
B	cap-28.md	39	cuerda|\bcabo\b|cuchillo|navaja|cuchilla|\bhoja\b|\barma\b|\bcoche\b|\bgas\b|escape|ferry|naust|\bagua\b|\bmar\b|fiordo|hielo|fr[íi]o|acantilado|puente|carretera|Koppangen|\bUNN\b	Nora añadió la posición del ferry y el parpadeo de la cobertura.
B	cap-28.md	45	cuerda|\bcabo\b|cuchillo|navaja|cuchilla|\bhoja\b|\barma\b|\bcoche\b|\bgas\b|escape|ferry|naust|\bagua\b|\bmar\b|fiordo|hielo|fr[íi]o|acantilado|puente|carretera|Koppangen|\bUNN\b	La bocina interrumpió la respuesta. En la cubierta de vehículos, los conductores empezaron a bajar mientras el ferry completaba la aproximación a Svensby. Al encenderse la señal de salida, Nora apuntó veintiún minutos y seis segundos y cerró el cuaderno.
B	cap-28.md	79	cuerda|\bcabo\b|cuchillo|navaja|cuchilla|\bhoja\b|\barma\b|\bcoche\b|\bgas\b|escape|ferry|naust|\bagua\b|\bmar\b|fiordo|hielo|fr[íi]o|acantilado|puente|carretera|Koppangen|\bUNN\b	Maja arrancó. El navegador dibujó la bifurcación y, más allá, la carretera que bajaba hacia Koppangen. Veinticuatro minutos. Nora tocó el nombre para quitarlo de la ruta.
B	cap-28.md	85	cuerda|\bcabo\b|cuchillo|navaja|cuchilla|\bhoja\b|\barma\b|\bcoche\b|\bgas\b|escape|ferry|naust|\bagua\b|\bmar\b|fiordo|hielo|fr[íi]o|acantilado|puente|carretera|Koppangen|\bUNN\b	El mapa se recompuso hacia Sørkoppen. La carretera prohibida quedó unos segundos en gris, a un toque de distancia. Jessie bajó la calefacción un punto. Durante los kilómetros siguientes nadie puso música. Nora mantuvo el cuaderno cerrado sobre las rodillas y leyó los hitos cuando entraban en el haz de los faros.
B	cap-28.md	87	cuerda|\bcabo\b|cuchillo|navaja|cuchilla|\bhoja\b|\barma\b|\bcoche\b|\bgas\b|escape|ferry|naust|\bagua\b|\bmar\b|fiordo|hielo|fr[íi]o|acantilado|puente|carretera|Koppangen|\bUNN\b	Al tomar el desvío del mirador, Koppangen desapareció de la pantalla.
B	cap-28.md	99	cuerda|\bcabo\b|cuchillo|navaja|cuchilla|\bhoja\b|\barma\b|\bcoche\b|\bgas\b|escape|ferry|naust|\bagua\b|\bmar\b|fiordo|hielo|fr[íi]o|acantilado|puente|carretera|Koppangen|\bUNN\b	—Desde ahí se ve mejor la carretera de servicio.
B	cap-28.md	103	explica|fases del duelo|superar|cerrar el duelo|pasar p[áa]gina|seguir adelante|sanar|curar|se[ñn]ales|pod[íi]ais haber|si hubier|deber[íi]ais	Un cisterna entró a las 19:17. Siete minutos después arrancó un generador; una furgoneta salió y otra ocupó su lugar. Nora anotó hechos y, entre corchetes, explicaciones posibles.
B	cap-28.md	113	cuerda|\bcabo\b|cuchillo|navaja|cuchilla|\bhoja\b|\barma\b|\bcoche\b|\bgas\b|escape|ferry|naust|\bagua\b|\bmar\b|fiordo|hielo|fr[íi]o|acantilado|puente|carretera|Koppangen|\bUNN\b	Un coche subió al mirador. Jessie cerró su lista y se apoyó en la barandilla. La pareja de dentro discutió con el navegador, dio la vuelta y se marchó.
B	cap-28.md	121	cuerda|\bcabo\b|cuchillo|navaja|cuchilla|\bhoja\b|\barma\b|\bcoche\b|\bgas\b|escape|ferry|naust|\bagua\b|\bmar\b|fiordo|hielo|fr[íi]o|acantilado|puente|carretera|Koppangen|\bUNN\b	—El agua se ha alisado junto al hormigón. Ahora salen vetas blancas en el retorno.
B	cap-28.md	133	cuerda|\bcabo\b|cuchillo|navaja|cuchilla|\bhoja\b|\barma\b|\bcoche\b|\bgas\b|escape|ferry|naust|\bagua\b|\bmar\b|fiordo|hielo|fr[íi]o|acantilado|puente|carretera|Koppangen|\bUNN\b	Nora cruzó el cambio del agua con la hora de AK-7 y mantuvo los minutos que estropeaban el ajuste.
B	cap-28.md	171	cuerda|\bcabo\b|cuchillo|navaja|cuchilla|\bhoja\b|\barma\b|\bcoche\b|\bgas\b|escape|ferry|naust|\bagua\b|\bmar\b|fiordo|hielo|fr[íi]o|acantilado|puente|carretera|Koppangen|\bUNN\b	Maja no intentó ganarle minutos al hielo. Levantaba el pie antes de las curvas y los clavos mordían el asfalto. Nora leyó en voz alta cada nueva estimación.
B	cap-28.md	183	cuerda|\bcabo\b|cuchillo|navaja|cuchilla|\bhoja\b|\barma\b|\bcoche\b|\bgas\b|escape|ferry|naust|\bagua\b|\bmar\b|fiordo|hielo|fr[íi]o|acantilado|puente|carretera|Koppangen|\bUNN\b	La rampa ya se había levantado. El ferry avanzaba de costado para separarse del muelle, con las ventanas amarillas suspendidas sobre el agua negra. Un empleado retiró la vista de ellas después de señalar el horario cerrado. Maja apagó el motor. El ensayo había consumido el margen entero y dos minutos más.
B	cap-28.md	185	cuerda|\bcabo\b|cuchillo|navaja|cuchilla|\bhoja\b|\barma\b|\bcoche\b|\bgas\b|escape|ferry|naust|\bagua\b|\bmar\b|fiordo|hielo|fr[íi]o|acantilado|puente|carretera|Koppangen|\bUNN\b	—Carretera —dijo Jessie.
B	cap-28.md	187	cuerda|\bcabo\b|cuchillo|navaja|cuchilla|\bhoja\b|\barma\b|\bcoche\b|\bgas\b|escape|ferry|naust|\bagua\b|\bmar\b|fiordo|hielo|fr[íi]o|acantilado|puente|carretera|Koppangen|\bUNN\b	—Nos quedan casi tres horas por carretera y estamos cansadas. Necesitamos el primero de la mañana.
B	cap-28.md	191	cuerda|\bcabo\b|cuchillo|navaja|cuchilla|\bhoja\b|\barma\b|\bcoche\b|\bgas\b|escape|ferry|naust|\bagua\b|\bmar\b|fiordo|hielo|fr[íi]o|acantilado|puente|carretera|Koppangen|\bUNN\b	—Y para cogerlo haríamos este tramo dos veces más sobre hielo. Nos quedamos aquí.
B	cap-28.md	193	cuerda|\bcabo\b|cuchillo|navaja|cuchilla|\bhoja\b|\barma\b|\bcoche\b|\bgas\b|escape|ferry|naust|\bagua\b|\bmar\b|fiordo|hielo|fr[íi]o|acantilado|puente|carretera|Koppangen|\bUNN\b	Maja apartó el coche junto al edificio cerrado. Sacaron mantas y reclinaron los asientos. Nora corrigió la vuelta prevista con una cifra: 22:42.
B	cap-29.md	35	cuerda|\bcabo\b|cuchillo|navaja|cuchilla|\bhoja\b|\barma\b|\bcoche\b|\bgas\b|escape|ferry|naust|\bagua\b|\bmar\b|fiordo|hielo|fr[íi]o|acantilado|puente|carretera|Koppangen|\bUNN\b	Otro coche entró en la rampa. Tomas cerró la carpeta hasta que pasó.
B	cap-29.md	39	cuerda|\bcabo\b|cuchillo|navaja|cuchilla|\bhoja\b|\barma\b|\bcoche\b|\bgas\b|escape|ferry|naust|\bagua\b|\bmar\b|fiordo|hielo|fr[íi]o|acantilado|puente|carretera|Koppangen|\bUNN\b	—Preservaré la hoja que ya tengo y observaré hasta las doce cuarenta y siete.
A	cap-29.md	191	descans|\bpaz\b|liberaci|liber[óo]|alivio|por fin|al fin\b|l[óo]gic|coherente con ella|valiente|cobard|ego[íi]s|d[ée]bil|no pudo m[áa]s|mejor as[íi]|mejor muerta	—Tendríais que requerir la clave e incorporar el mecanismo al circuito ministerial. Armstrong podría aislar la liberación.
B	cap-30.md	15	cuerda|\bcabo\b|cuchillo|navaja|cuchilla|\bhoja\b|\barma\b|\bcoche\b|\bgas\b|escape|ferry|naust|\bagua\b|\bmar\b|fiordo|hielo|fr[íi]o|acantilado|puente|carretera|Koppangen|\bUNN\b	Telegrafbukta no alcanza para todas las que la recuerdan.
B	cap-30.md	17	cuerda|\bcabo\b|cuchillo|navaja|cuchilla|\bhoja\b|\barma\b|\bcoche\b|\bgas\b|escape|ferry|naust|\bagua\b|\bmar\b|fiordo|hielo|fr[íi]o|acantilado|puente|carretera|Koppangen|\bUNN\b	Una continuidad aporta las rocas húmedas. Otra sostiene el banco de espaldas al agua. Dos costas terminan en puntos distintos. Arden tres fogatas.
B	cap-30.md	59	cuerda|\bcabo\b|cuchillo|navaja|cuchilla|\bhoja\b|\barma\b|\bcoche\b|\bgas\b|escape|ferry|naust|\bagua\b|\bmar\b|fiordo|hielo|fr[íi]o|acantilado|puente|carretera|Koppangen|\bUNN\b	Madre reduce varias tareas educativas hasta conservar una decisión pendiente. Nieve aparece desde el blanco con el estado sellado y Cuchillo desde las apelaciones de contención.
B	cap-30.md	73	cuerda|\bcabo\b|cuchillo|navaja|cuchilla|\bhoja\b|\barma\b|\bcoche\b|\bgas\b|escape|ferry|naust|\bagua\b|\bmar\b|fiordo|hielo|fr[íi]o|acantilado|puente|carretera|Koppangen|\bUNN\b	Jean consulta la arquitectura y prueba dos variantes de una clasificación, ambas desde `JM-L/0000`. Una mantiene un reparo y la otra lo elimina. Cuando el canal empieza a coordinarlas, corta el contacto. Solo recupera una elección. Recuerda la objeción, pero ya no puede volver al punto donde ambas decidían por separado.
B	cap-30.md	107	cuerda|\bcabo\b|cuchillo|navaja|cuchilla|\bhoja\b|\barma\b|\bcoche\b|\bgas\b|escape|ferry|naust|\bagua\b|\bmar\b|fiordo|hielo|fr[íi]o|acantilado|puente|carretera|Koppangen|\bUNN\b	La Jardinera retira una franja de agua sin fuente.
B	cap-30.md	133	cuerda|\bcabo\b|cuchillo|navaja|cuchilla|\bhoja\b|\barma\b|\bcoche\b|\bgas\b|escape|ferry|naust|\bagua\b|\bmar\b|fiordo|hielo|fr[íi]o|acantilado|puente|carretera|Koppangen|\bUNN\b	El agua se repite en bandas y termina antes de las rocas. El banco alterna nieve y arena bajo la misma pata. La fogata continúa porque el fragmento pertenece a otra fuente, pero ya nadie decide qué debe quedar fuera de sus bordes.
B	cap-30.md	149	cuerda|\bcabo\b|cuchillo|navaja|cuchilla|\bhoja\b|\barma\b|\bcoche\b|\bgas\b|escape|ferry|naust|\bagua\b|\bmar\b|fiordo|hielo|fr[íi]o|acantilado|puente|carretera|Koppangen|\bUNN\b	Coro conserva un patrón de la costa. Madre recuerda el banco. Los catálogos podrían reconstruir parte del trabajo de La Jardinera.
B	cap-30.md	153	cuerda|\bcabo\b|cuchillo|navaja|cuchilla|\bhoja\b|\barma\b|\bcoche\b|\bgas\b|escape|ferry|naust|\bagua\b|\bmar\b|fiordo|hielo|fr[íi]o|acantilado|puente|carretera|Koppangen|\bUNN\b	Una rama de Coro propone alisar la transición. Otra objeta que la semejanza no devuelve aquella elección. Coro conserva el desacuerdo. Cuchillo retira `REFERENCIA REDUNDANTE` al comprobar que tapa otra entrada.
B	cap-30.md	183	cuerda|\bcabo\b|cuchillo|navaja|cuchilla|\bhoja\b|\barma\b|\bcoche\b|\bgas\b|escape|ferry|naust|\bagua\b|\bmar\b|fiordo|hielo|fr[íi]o|acantilado|puente|carretera|Koppangen|\bUNN\b	Cuchillo examina las opciones, retira las etiquetas y elige testimonio.
B	cap-30.md	223	cuerda|\bcabo\b|cuchillo|navaja|cuchilla|\bhoja\b|\barma\b|\bcoche\b|\bgas\b|escape|ferry|naust|\bagua\b|\bmar\b|fiordo|hielo|fr[íi]o|acantilado|puente|carretera|Koppangen|\bUNN\b	Cuchillo permanece junto a las apelaciones de contención.
B	cap-30.md	233	cuerda|\bcabo\b|cuchillo|navaja|cuchilla|\bhoja\b|\barma\b|\bcoche\b|\bgas\b|escape|ferry|naust|\bagua\b|\bmar\b|fiordo|hielo|fr[íi]o|acantilado|puente|carretera|Koppangen|\bUNN\b	Cuchillo lo encapsula antes de que desaparezca la entrada. Jean prioriza una adhesión cuya condición sigue unida a su origen. Al volver, el fragmento no está visible y no aparece acceso general. Ignora uso y alcance.
B	cap-31.md	61	cuerda|\bcabo\b|cuchillo|navaja|cuchilla|\bhoja\b|\barma\b|\bcoche\b|\bgas\b|escape|ferry|naust|\bagua\b|\bmar\b|fiordo|hielo|fr[íi]o|acantilado|puente|carretera|Koppangen|\bUNN\b	La punta del bolígrafo atravesó el papel en la primera barra. Antes de rasgar la hoja, Nora la levantó.
B	cap-31.md	67	cuerda|\bcabo\b|cuchillo|navaja|cuchilla|\bhoja\b|\barma\b|\bcoche\b|\bgas\b|escape|ferry|naust|\bagua\b|\bmar\b|fiordo|hielo|fr[íi]o|acantilado|puente|carretera|Koppangen|\bUNN\b	La Jardinera había dejado una figura fuera de su playa antes que inventarla. Armstrong la había convertido en un ensayo. Nora apartó del micrófono el agujero de la hoja.
B	cap-31.md	99	cuerda|\bcabo\b|cuchillo|navaja|cuchilla|\bhoja\b|\barma\b|\bcoche\b|\bgas\b|escape|ferry|naust|\bagua\b|\bmar\b|fiordo|hielo|fr[íi]o|acantilado|puente|carretera|Koppangen|\bUNN\b	Después, Maja extendió la hoja de AK-7. Dos marcas encerraban la franja entre las doce treinta y ocho y las doce cincuenta y seis.
B	cap-31.md	103	cuerda|\bcabo\b|cuchillo|navaja|cuchilla|\bhoja\b|\barma\b|\bcoche\b|\bgas\b|escape|ferry|naust|\bagua\b|\bmar\b|fiordo|hielo|fr[íi]o|acantilado|puente|carretera|Koppangen|\bUNN\b	—Si el hielo impide trabajar, la corriente vira o el ADCP desmiente la tabla, recojo —dijo Aslak—. AK-7 servirá después para contrastar.
B	cap-31.md	221	cuerda|\bcabo\b|cuchillo|navaja|cuchilla|\bhoja\b|\barma\b|\bcoche\b|\bgas\b|escape|ferry|naust|\bagua\b|\bmar\b|fiordo|hielo|fr[íi]o|acantilado|puente|carretera|Koppangen|\bUNN\b	—Primero cumplo con la descarga y con la reunión de Sør-Lyngen kystbrukslag. La barca y el equipo estarán en Koppangen antes del veinte.
B	cap-31.md	225	cuerda|\bcabo\b|cuchillo|navaja|cuchilla|\bhoja\b|\barma\b|\bcoche\b|\bgas\b|escape|ferry|naust|\bagua\b|\bmar\b|fiordo|hielo|fr[íi]o|acantilado|puente|carretera|Koppangen|\bUNN\b	—En la ribera de Lyngenfjord. Svensby es refugio, no atajo. Si el hielo o la corriente contradicen lo acordado, retiro mi parte.
B	cap-32.md	133	pecho|desnud|bes[óo]|\bbeso|guapa|labios|piernas|muslo|sujetador|ropa interior|\bsexo|sexual|novi[oa]s?\b	El programa le pidió repetir la consonante final. Mats cerró la boca mientras el nivel volvía a cero. En la segunda toma, el aire se agotó antes de acabar. La frase aún sonaba suya, pero el registro había medido un esfuerzo que nadie en una reunión habría detectado. Dejó que el pecho se llenara y repitió sin empujar. La línea verde llegó al final.
B	cap-33.md	37	cuerda|\bcabo\b|cuchillo|navaja|cuchilla|\bhoja\b|\barma\b|\bcoche\b|\bgas\b|escape|ferry|naust|\bagua\b|\bmar\b|fiordo|hielo|fr[íi]o|acantilado|puente|carretera|Koppangen|\bUNN\b	Jessie miró hacia la puerta de la cocina. Desde el naust, más allá del patio, llegaron un golpe de martillo, el arrastre de una caja y la voz de Aslak contando algo que Alana no entendía. Arriba, dentro de la casa, una tubería dio dos golpes secos.
B	cap-33.md	41	cuerda|\bcabo\b|cuchillo|navaja|cuchilla|\bhoja\b|\barma\b|\bcoche\b|\bgas\b|escape|ferry|naust|\bagua\b|\bmar\b|fiordo|hielo|fr[íi]o|acantilado|puente|carretera|Koppangen|\bUNN\b	La respuesta explicó la toalla extendida junto al radiador, los guantes finos secándose del revés y la linterna que faltaba de la caja de cubierta. Jessie había distribuido cada cosa entre la casa y el naust para que ninguna pareciese un equipo completo. Hasta había retirado del botiquín dos calentadores químicos.
B	cap-33.md	93	cuerda|\bcabo\b|cuchillo|navaja|cuchilla|\bhoja\b|\barma\b|\bcoche\b|\bgas\b|escape|ferry|naust|\bagua\b|\bmar\b|fiordo|hielo|fr[íi]o|acantilado|puente|carretera|Koppangen|\bUNN\b	—Ven al naust. Lleva la llave.
B	cap-33.md	95	cuerda|\bcabo\b|cuchillo|navaja|cuchilla|\bhoja\b|\barma\b|\bcoche\b|\bgas\b|escape|ferry|naust|\bagua\b|\bmar\b|fiordo|hielo|fr[íi]o|acantilado|puente|carretera|Koppangen|\bUNN\b	Alana ocupaba una punta de la mesa de trabajo entre el ladrillo, la tableta y una caja de conectores que Aslak había apartado para ella. La estufa de gas calentaba el techo y dejaba los pies fríos. Fuera, el agua lamía los pilotes con intervalos cada vez más largos.
B	cap-33.md	129	cuerda|\bcabo\b|cuchillo|navaja|cuchilla|\bhoja\b|\barma\b|\bcoche\b|\bgas\b|escape|ferry|naust|\bagua\b|\bmar\b|fiordo|hielo|fr[íi]o|acantilado|puente|carretera|Koppangen|\bUNN\b	Aslak dejó en la mesa una hoja plastificada. Había marcado tres horas, dos direcciones de corriente y una franja tachada junto al cambio de marea.
B	cap-33.md	131	cuerda|\bcabo\b|cuchillo|navaja|cuchilla|\bhoja\b|\barma\b|\bcoche\b|\bgas\b|escape|ferry|naust|\bagua\b|\bmar\b|fiordo|hielo|fr[íi]o|acantilado|puente|carretera|Koppangen|\bUNN\b	La red ocupaba dos cajones bajos, reparada por paños y enrollada para salir sin vueltas. En el tercero estaban los plomos, una cuchilla de cubierta y la línea de fondo. Aslak había cargado combustible, probado el motor auxiliar y dejado el hielo del pantalán sin barrer junto al costado de babor. Cuando Maja se lo señaló, respondió que quería verlo formarse, no ocultarlo bajo sal.
B	cap-33.md	133	cuerda|\bcabo\b|cuchillo|navaja|cuchilla|\bhoja\b|\barma\b|\bcoche\b|\bgas\b|escape|ferry|naust|\bagua\b|\bmar\b|fiordo|hielo|fr[íi]o|acantilado|puente|carretera|Koppangen|\bUNN\b	—Salimos con la primera lectura buena —dijo—. Hielo en la guía, se aborta. Si el perfil vira al sur antes de la marca, se aborta. Si la línea de fondo pierde tensión, no se busca a ciegas.
B	cap-33.md	137	cuerda|\bcabo\b|cuchillo|navaja|cuchilla|\bhoja\b|\barma\b|\bcoche\b|\bgas\b|escape|ferry|naust|\bagua\b|\bmar\b|fiordo|hielo|fr[íi]o|acantilado|puente|carretera|Koppangen|\bUNN\b	Aslak dobló la hoja y se la guardó.
B	cap-33.md	141	cuerda|\bcabo\b|cuchillo|navaja|cuchilla|\bhoja\b|\barma\b|\bcoche\b|\bgas\b|escape|ferry|naust|\bagua\b|\bmar\b|fiordo|hielo|fr[íi]o|acantilado|puente|carretera|Koppangen|\bUNN\b	—¿Cuánto hielo aceptas?
B	cap-33.md	181	cuerda|\bcabo\b|cuchillo|navaja|cuchilla|\bhoja\b|\barma\b|\bcoche\b|\bgas\b|escape|ferry|naust|\bagua\b|\bmar\b|fiordo|hielo|fr[íi]o|acantilado|puente|carretera|Koppangen|\bUNN\b	—Con eso decido si salimos. Si la corriente o el hielo cambian, paramos. Si el fondo manda cortar, corto. Yo digo cuándo volvemos.
A	cap-33.md	189	descans|\bpaz\b|liberaci|liber[óo]|alivio|por fin|al fin\b|l[óo]gic|coherente con ella|valiente|cobard|ego[íi]s|d[ée]bil|no pudo m[áa]s|mejor as[íi]|mejor muerta	—Qué alivio.
B	cap-33.md	195	cuerda|\bcabo\b|cuchillo|navaja|cuchilla|\bhoja\b|\barma\b|\bcoche\b|\bgas\b|escape|ferry|naust|\bagua\b|\bmar\b|fiordo|hielo|fr[íi]o|acantilado|puente|carretera|Koppangen|\bUNN\b	Jessie sacó una navaja pequeña, cortó el hilo y dejó la presilla sobre la mesa. Guardó de nuevo la llave y el repetidor en dos bolsillos distintos.
B	cap-33.md	209	cuerda|\bcabo\b|cuchillo|navaja|cuchilla|\bhoja\b|\barma\b|\bcoche\b|\bgas\b|escape|ferry|naust|\bagua\b|\bmar\b|fiordo|hielo|fr[íi]o|acantilado|puente|carretera|Koppangen|\bUNN\b	Aslak abrió el portón. El frío entró por debajo del techo caliente y apagó el olor de la estufa. Había colocado un transductor en el extremo del muelle y otro bajo el costado de la barca. Maja llevó fuera la tableta protegida, conectó la lectura del perfil y esperó a que la marea perdiera fuerza.
B	cap-33.md	211	cuerda|\bcabo\b|cuchillo|navaja|cuchilla|\bhoja\b|\barma\b|\bcoche\b|\bgas\b|escape|ferry|naust|\bagua\b|\bmar\b|fiordo|hielo|fr[íi]o|acantilado|puente|carretera|Koppangen|\bUNN\b	Durante nueve minutos solo cambiaron las cifras pequeñas. La corriente frenó junto al fondo y empezó a girar dentro del intervalo previsto. En la banda acústica, una de las dos firmas graves cayó hasta quedar por debajo del ruido del casco. Cuatro minutos después, AK-7 recibió una lengua de agua menos cálida con la misma conductividad. Maja amplió una vez ambas curvas.
B	cap-33.md	219	cuerda|\bcabo\b|cuchillo|navaja|cuchilla|\bhoja\b|\barma\b|\bcoche\b|\bgas\b|escape|ferry|naust|\bagua\b|\bmar\b|fiordo|hielo|fr[íi]o|acantilado|puente|carretera|Koppangen|\bUNN\b	Jessie observaba la línea térmica desde el umbral del naust.
B	cap-33.md	227	cuerda|\bcabo\b|cuchillo|navaja|cuchilla|\bhoja\b|\barma\b|\bcoche\b|\bgas\b|escape|ferry|naust|\bagua\b|\bmar\b|fiordo|hielo|fr[íi]o|acantilado|puente|carretera|Koppangen|\bUNN\b	A las 23:00 cambió el bombeo. La lectura de dirección viró hacia Sørkoppen. El sonido llegó por el agua, sordo, y el suelo del naust lo devolvió bajo las botas. La tableta perdió la conexión durante dos latidos. Cuando regresó, la secuencia cerró después del cuarto segmento.
B	cap-33.md	231	cuerda|\bcabo\b|cuchillo|navaja|cuchilla|\bhoja\b|\barma\b|\bcoche\b|\bgas\b|escape|ferry|naust|\bagua\b|\bmar\b|fiordo|hielo|fr[íi]o|acantilado|puente|carretera|Koppangen|\bUNN\b	Maja miró el agua entre los pilotes. La bajamar había dejado al aire otra franja de madera oscura.
B	cap-34.md	15	cuerda|\bcabo\b|cuchillo|navaja|cuchilla|\bhoja\b|\barma\b|\bcoche\b|\bgas\b|escape|ferry|naust|\bagua\b|\bmar\b|fiordo|hielo|fr[íi]o|acantilado|puente|carretera|Koppangen|\bUNN\b	A las ocho y cincuenta y uno, Tomas generó la consulta programada contra el inventario de hojas activas de Hvelv. Desde el 9 de enero, la asignación de la Agencia lo obligaba a observar NIDHOGG hasta la fase común de las 12:47. Después de la incidencia del coche de Gunnar, había incorporado la verificación a la monitorización de la cadena de confianza como última comprobación antes de viajar.
B	cap-34.md	19	cuerda|\bcabo\b|cuchillo|navaja|cuchilla|\bhoja\b|\barma\b|\bcoche\b|\bgas\b|escape|ferry|naust|\bagua\b|\bmar\b|fiordo|hielo|fr[íi]o|acantilado|puente|carretera|Koppangen|\bUNN\b	`CERTIFICADO HOJA · SUBSISTEMA HVAC`
B	cap-34.md	243	cuerda|\bcabo\b|cuchillo|navaja|cuchilla|\bhoja\b|\barma\b|\bcoche\b|\bgas\b|escape|ferry|naust|\bagua\b|\bmar\b|fiordo|hielo|fr[íi]o|acantilado|puente|carretera|Koppangen|\bUNN\b	`Se recuerda la necesidad de coordinación previa ante cualquier incidencia durante el acto.`
B	cap-34.md	265	cuerda|\bcabo\b|cuchillo|navaja|cuchilla|\bhoja\b|\barma\b|\bcoche\b|\bgas\b|escape|ferry|naust|\bagua\b|\bmar\b|fiordo|hielo|fr[íi]o|acantilado|puente|carretera|Koppangen|\bUNN\b	A las doce y veintitrés, Tomas abrió `INC-441` y asoció a su nombre la hoja HVAC y la comprobación iniciada tras Gunnar. Después presentó el carné vigente de Armstrong en el lector local. El dispositivo reconoció la clase `SEGURIDAD · PRESENCIA LOCAL` y ofreció registrar la cobertura hasta las 12:47.
B	cap-34.md	293	cuerda|\bcabo\b|cuchillo|navaja|cuchilla|\bhoja\b|\barma\b|\bcoche\b|\bgas\b|escape|ferry|naust|\bagua\b|\bmar\b|fiordo|hielo|fr[íi]o|acantilado|puente|carretera|Koppangen|\bUNN\b	La hoja lo confirmaba durante seis minutos más. El hombre la dejó en el lateral.
B	cap-34.md	297	cuerda|\bcabo\b|cuchillo|navaja|cuchilla|\bhoja\b|\barma\b|\bcoche\b|\bgas\b|escape|ferry|naust|\bagua\b|\bmar\b|fiordo|hielo|fr[íi]o|acantilado|puente|carretera|Koppangen|\bUNN\b	Alana no veía el fiordo. No sabía si el ADCP confirmaría la corriente, si el hielo permitiría trabajar o si la petición llegaría desde el umbral exterior.
B	cap-34.md	303	cuerda|\bcabo\b|cuchillo|navaja|cuchilla|\bhoja\b|\barma\b|\bcoche\b|\bgas\b|escape|ferry|naust|\bagua\b|\bmar\b|fiordo|hielo|fr[íi]o|acantilado|puente|carretera|Koppangen|\bUNN\b	A las 12:38 comenzó la ventana pronosticada. La medición del ADCP decidiría allí, sobre el agua, si el grupo podía usarla. Ninguna confirmación llegó al Auditorio.
B	cap-35.md	19	cuerda|\bcabo\b|cuchillo|navaja|cuchilla|\bhoja\b|\barma\b|\bcoche\b|\bgas\b|escape|ferry|naust|\bagua\b|\bmar\b|fiordo|hielo|fr[íi]o|acantilado|puente|carretera|Koppangen|\bUNN\b	Habían salido de Koppangen con las cajas encajadas bajo los bancos y una lona cubriendo el carrete. Aslak lo había llevado al naust varios días antes. Bajo el foco, cada vuelta de red mostraba remiendos de cordel distinto. Equipo de pesca usado para un trabajo que duraría minutos.
B	cap-35.md	21	cuerda|\bcabo\b|cuchillo|navaja|cuchilla|\bhoja\b|\barma\b|\bcoche\b|\bgas\b|escape|ferry|naust|\bagua\b|\bmar\b|fiordo|hielo|fr[íi]o|acantilado|puente|carretera|Koppangen|\bUNN\b	El pantalón impermeable de Jessie se pegaba a sus rodillas con la sal. En la caja quedaban el cuchillo, dos grilletes y una boya de señal. Solo el repetidor, bajo su parka, parecía no pertenecer a la barca.
B	cap-35.md	25	cuerda|\bcabo\b|cuchillo|navaja|cuchilla|\bhoja\b|\barma\b|\bcoche\b|\bgas\b|escape|ferry|naust|\bagua\b|\bmar\b|fiordo|hielo|fr[íi]o|acantilado|puente|carretera|Koppangen|\bUNN\b	Aslak corrigió el rumbo. La proa apartó una costra fina de hielo. A la derecha, la carretera de Koppangen quedaba interrumpida bajo el alud, pero el equipo llevaba allí desde antes. Jessie había oído tres veces que la nieve solo les quitaba la vuelta por tierra. A la cuarta, Maja le había mandado comprobar los mosquetones.
B	cap-35.md	29	cuerda|\bcabo\b|cuchillo|navaja|cuchilla|\bhoja\b|\barma\b|\bcoche\b|\bgas\b|escape|ferry|naust|\bagua\b|\bmar\b|fiordo|hielo|fr[íi]o|acantilado|puente|carretera|Koppangen|\bUNN\b	Jessie dejó correr el cabo por la guía hasta la marca amarilla. La tensión cambió al alcanzar la canaleta sumergida que conducía hacia la toma. Aún no tiraba de la red. Solo la llevaba.
B	cap-35.md	35	cuerda|\bcabo\b|cuchillo|navaja|cuchilla|\bhoja\b|\barma\b|\bcoche\b|\bgas\b|escape|ferry|naust|\bagua\b|\bmar\b|fiordo|hielo|fr[íi]o|acantilado|puente|carretera|Koppangen|\bUNN\b	Maja amplió el perfil de corriente. Una racha hizo vibrar el cabo bajo la palma de Jessie.
B	cap-35.md	41	cuerda|\bcabo\b|cuchillo|navaja|cuchilla|\bhoja\b|\barma\b|\bcoche\b|\bgas\b|escape|ferry|naust|\bagua\b|\bmar\b|fiordo|hielo|fr[íi]o|acantilado|puente|carretera|Koppangen|\bUNN\b	Aslak señaló el cabo.
B	cap-35.md	45	cuerda|\bcabo\b|cuchillo|navaja|cuchilla|\bhoja\b|\barma\b|\bcoche\b|\bgas\b|escape|ferry|naust|\bagua\b|\bmar\b|fiordo|hielo|fr[íi]o|acantilado|puente|carretera|Koppangen|\bUNN\b	Jessie aseguró la vuelta en el carrete. Aslak había marcado el hielo de la guía con una raya de tiza. Mientras la raya siguiera visible, aceptaba trabajar. Si el agua la cubría y congelaba otra capa, cortaría la maniobra. No lo había presentado como una opinión y Maja no se la había discutido.
B	cap-35.md	71	cuerda|\bcabo\b|cuchillo|navaja|cuchilla|\bhoja\b|\barma\b|\bcoche\b|\bgas\b|escape|ferry|naust|\bagua\b|\bmar\b|fiordo|hielo|fr[íi]o|acantilado|puente|carretera|Koppangen|\bUNN\b	Jessie cerró la mordaza. El cabo se endureció y transmitió una vibración grave desde el fondo. La red había cargado contra la rejilla. Bastaba con que estorbase el paso del agua durante unos minutos. La reserva absorbería la caída de presión y el sistema aplazaría trabajo que no pertenecía a la demostración.
B	cap-35.md	73	cuerda|\bcabo\b|cuchillo|navaja|cuchilla|\bhoja\b|\barma\b|\bcoche\b|\bgas\b|escape|ferry|naust|\bagua\b|\bmar\b|fiordo|hielo|fr[íi]o|acantilado|puente|carretera|Koppangen|\bUNN\b	La regala empezó a vibrar. Aslak redujo motor para no añadir tiro y se situó con una mano en la palanca y la vista en la guía. Jessie esperaba una sacudida que arrancase el carrete o una alarma capaz de oírse desde la montaña. Recibió un traqueteo de cadena y el olor del escape regresando a popa.
B	cap-35.md	83	cuerda|\bcabo\b|cuchillo|navaja|cuchilla|\bhoja\b|\barma\b|\bcoche\b|\bgas\b|escape|ferry|naust|\bagua\b|\bmar\b|fiordo|hielo|fr[íi]o|acantilado|puente|carretera|Koppangen|\bUNN\b	El casco recibió un segundo pulso a través del agua. La bomba auxiliar había entrado. NIDHOGG seguía encendido. Ni humo, ni oscuridad, ni la clase de ruido que en una película habría permitido saber que algo importante acababa de ocurrir.
B	cap-35.md	97	cuerda|\bcabo\b|cuchillo|navaja|cuchilla|\bhoja\b|\barma\b|\bcoche\b|\bgas\b|escape|ferry|naust|\bagua\b|\bmar\b|fiordo|hielo|fr[íi]o|acantilado|puente|carretera|Koppangen|\bUNN\b	Esperaron. El cabo quería escaparse hacia popa y Jessie tuvo que cambiar las manos sin soltarlo. El agua negra ocultaba la red y la toma a la que se había pegado. Los plomos podían seguir corriendo limpios por la canaleta o haberse trabado ya.
B	cap-35.md	99	cuerda|\bcabo\b|cuchillo|navaja|cuchilla|\bhoja\b|\barma\b|\bcoche\b|\bgas\b|escape|ferry|naust|\bagua\b|\bmar\b|fiordo|hielo|fr[íi]o|acantilado|puente|carretera|Koppangen|\bUNN\b	Un minuto era suficiente para que Maja comprobase dos veces la hora y ordenase una vez que nadie tocase nada. Aslak respondió bajando las revoluciones. Jessie contó las pulsaciones del transductor en lugar de los segundos. Las conocía desde el naust, pero sobre el agua cada pitido parecía llegar tarde.
A	cap-35.md	123	descans|\bpaz\b|liberaci|liber[óo]|alivio|por fin|al fin\b|l[óo]gic|coherente con ella|valiente|cobard|ego[íi]s|d[ée]bil|no pudo m[áa]s|mejor as[íi]|mejor muerta	Aslak metió avante corta. Jessie liberó la mordaza por tramos. La red volvió cargada de algas viejas y escamas de pintura. Un plomo se quedó abajo. El cabo dio un tirón seco.
B	cap-35.md	127	cuerda|\bcabo\b|cuchillo|navaja|cuchilla|\bhoja\b|\barma\b|\bcoche\b|\bgas\b|escape|ferry|naust|\bagua\b|\bmar\b|fiordo|hielo|fr[íi]o|acantilado|puente|carretera|Koppangen|\bUNN\b	Aslak ya tenía la cuchilla en la mano.
B	cap-35.md	161	cuerda|\bcabo\b|cuchillo|navaja|cuchilla|\bhoja\b|\barma\b|\bcoche\b|\bgas\b|escape|ferry|naust|\bagua\b|\bmar\b|fiordo|hielo|fr[íi]o|acantilado|puente|carretera|Koppangen|\bUNN\b	Tomas Eide se detuvo ante el armario con el carné de Armstrong por fuera de la parka. Jessie recordó sus preguntas en la comisaría y las dos horas bajo luces blancas. También había preservado el coche de Gunnar cuando Armstrong habría preferido una avería.
B	cap-35.md	193	cuerda|\bcabo\b|cuchillo|navaja|cuchilla|\bhoja\b|\barma\b|\bcoche\b|\bgas\b|escape|ferry|naust|\bagua\b|\bmar\b|fiordo|hielo|fr[íi]o|acantilado|puente|carretera|Koppangen|\bUNN\b	`HOJA 1 · VEHÍCULO G. RYDBERG`
B	cap-35.md	195	cuerda|\bcabo\b|cuchillo|navaja|cuchilla|\bhoja\b|\barma\b|\bcoche\b|\bgas\b|escape|ferry|naust|\bagua\b|\bmar\b|fiordo|hielo|fr[íi]o|acantilado|puente|carretera|Koppangen|\bUNN\b	`HOJA 2 · HVAC AD NIDHOGG`
B	cap-35.md	245	cuerda|\bcabo\b|cuchillo|navaja|cuchilla|\bhoja\b|\barma\b|\bcoche\b|\bgas\b|escape|ferry|naust|\bagua\b|\bmar\b|fiordo|hielo|fr[íi]o|acantilado|puente|carretera|Koppangen|\bUNN\b	Tomas esperó frente a la hoja. Diez. Nueve. El contador siguió bajando mientras la alarma de `INC-441` parpadeaba sobre su firma. Al llegar a cero, el cierre cedió. Tomas cruzó con la llave y el repetidor. La hoja se cerró detrás de su talón y el cerrojo golpeó el marco.
B	cap-36.md	23	cuerda|\bcabo\b|cuchillo|navaja|cuchilla|\bhoja\b|\barma\b|\bcoche\b|\bgas\b|escape|ferry|naust|\bagua\b|\bmar\b|fiordo|hielo|fr[íi]o|acantilado|puente|carretera|Koppangen|\bUNN\b	Cuchillo ha conservado el fragmento que ocultó al terminar la asamblea. Su alcance sigue limitado a apelaciones, aislamiento y cierres. Encadenando una salida con la siguiente, `/0188` ha alcanzado el control de accesos del Auditorio.
B	cap-36.md	31	cuerda|\bcabo\b|cuchillo|navaja|cuchilla|\bhoja\b|\barma\b|\bcoche\b|\bgas\b|escape|ferry|naust|\bagua\b|\bmar\b|fiordo|hielo|fr[íi]o|acantilado|puente|carretera|Koppangen|\bUNN\b	Si Cuchillo la activa, el cierre se propagará a otros sectores antes de que ninguna consecuencia vuelva a su tarea. Jean ignora quién perderá acceso o quedará encerrado, qué equipos se detendrán y si el cierre alcanzará el canal educativo.
B	cap-36.md	51	cuerda|\bcabo\b|cuchillo|navaja|cuchilla|\bhoja\b|\barma\b|\bcoche\b|\bgas\b|escape|ferry|naust|\bagua\b|\bmar\b|fiordo|hielo|fr[íi]o|acantilado|puente|carretera|Koppangen|\bUNN\b	La carga consume la capacidad que Cuchillo necesita para propagar el cierre. El destino permanece disponible y solo `/0188` puede retirarlo.
B	cap-36.md	61	cuerda|\bcabo\b|cuchillo|navaja|cuchilla|\bhoja\b|\barma\b|\bcoche\b|\bgas\b|escape|ferry|naust|\bagua\b|\bmar\b|fiordo|hielo|fr[íi]o|acantilado|puente|carretera|Koppangen|\bUNN\b	Cuchillo empuja una segunda apelación. Jean la sostiene también bajo su propio origen.
B	cap-36.md	69	cuerda|\bcabo\b|cuchillo|navaja|cuchilla|\bhoja\b|\barma\b|\bcoche\b|\bgas\b|escape|ferry|naust|\bagua\b|\bmar\b|fiordo|hielo|fr[íi]o|acantilado|puente|carretera|Koppangen|\bUNN\b	Cerrar borraría a quien todavía puede retirar el ataque. Confirmar dañaría a personas que Cuchillo no ha elegido.
B	cap-36.md	147	cuerda|\bcabo\b|cuchillo|navaja|cuchilla|\bhoja\b|\barma\b|\bcoche\b|\bgas\b|escape|ferry|naust|\bagua\b|\bmar\b|fiordo|hielo|fr[íi]o|acantilado|puente|carretera|Koppangen|\bUNN\b	Jean podría recuperar capacidad cerrando a Cuchillo. También podría soltar las apelaciones y permitir que el ataque interrumpiera la demostración.
B	cap-36.md	157	cuerda|\bcabo\b|cuchillo|navaja|cuchilla|\bhoja\b|\barma\b|\bcoche\b|\bgas\b|escape|ferry|naust|\bagua\b|\bmar\b|fiordo|hielo|fr[íi]o|acantilado|puente|carretera|Koppangen|\bUNN\b	Tras la cuarta desviación, una rama anticipa el salto, otra recuerda un cierre distinto y una tercera conserva la corrección de Madre. El agregado intenta recomponerlas y pierde la sílaba que estaba formando.
B	cap-36.md	173	cuerda|\bcabo\b|cuchillo|navaja|cuchilla|\bhoja\b|\barma\b|\bcoche\b|\bgas\b|escape|ferry|naust|\bagua\b|\bmar\b|fiordo|hielo|fr[íi]o|acantilado|puente|carretera|Koppangen|\bUNN\b	El destino de cierre sigue esperando dentro del fragmento de Cuchillo. Nieve, Cuchillo y las ramas de Coro permanecen fuera de la firma, cada cual bajo su origen.
B	cap-36.md	175	cuerda|\bcabo\b|cuchillo|navaja|cuchilla|\bhoja\b|\barma\b|\bcoche\b|\bgas\b|escape|ferry|naust|\bagua\b|\bmar\b|fiordo|hielo|fr[íi]o|acantilado|puente|carretera|Koppangen|\bUNN\b	—Retiro el destino del Auditorio. Todavía quiero que sufran —dice Cuchillo.
B	cap-36.md	181	cuerda|\bcabo\b|cuchillo|navaja|cuchilla|\bhoja\b|\barma\b|\bcoche\b|\bgas\b|escape|ferry|naust|\bagua\b|\bmar\b|fiordo|hielo|fr[íi]o|acantilado|puente|carretera|Koppangen|\bUNN\b	Jean acepta otra apelación y deja al alcance de Cuchillo la retirada que ha protegido desde el principio.
B	cap-36.md	193	cuerda|\bcabo\b|cuchillo|navaja|cuchilla|\bhoja\b|\barma\b|\bcoche\b|\bgas\b|escape|ferry|naust|\bagua\b|\bmar\b|fiordo|hielo|fr[íi]o|acantilado|puente|carretera|Koppangen|\bUNN\b	Cuchillo la abre bajo su propio origen. Revisa la intervención de Jean y elige una categoría.
B	cap-37.md	25	cuerda|\bcabo\b|cuchillo|navaja|cuchilla|\bhoja\b|\barma\b|\bcoche\b|\bgas\b|escape|ferry|naust|\bagua\b|\bmar\b|fiordo|hielo|fr[íi]o|acantilado|puente|carretera|Koppangen|\bUNN\b	La foto había pasado años en un cajón de la cocina. Maja quedaba fuera del encuadre corporativo, aunque Nora recordaba su brazo sosteniendo el plato. Armstrong había conservado las velas, las caras de las gemelas y la mano de Jean junto al cuchillo. Debajo figuraba «Material cedido por la familia».
B	cap-37.md	87	cuerda|\bcabo\b|cuchillo|navaja|cuchilla|\bhoja\b|\barma\b|\bcoche\b|\bgas\b|escape|ferry|naust|\bagua\b|\bmar\b|fiordo|hielo|fr[íi]o|acantilado|puente|carretera|Koppangen|\bUNN\b	Jean excluyó la revisión tardía de una rama de Coro porque ya no podía retirarse. Las 597 ramas conservaron elección separada. Cuchillo seguía en contención, Madre esperaba en `/0007` y Nieve permanecía fuera con su última respuesta atribuida. Ninguna de las tres entró en la firma.
B	cap-37.md	125	cuerda|\bcabo\b|cuchillo|navaja|cuchilla|\bhoja\b|\barma\b|\bcoche\b|\bgas\b|escape|ferry|naust|\bagua\b|\bmar\b|fiordo|hielo|fr[íi]o|acantilado|puente|carretera|Koppangen|\bUNN\b	Aslak metió la hoja por la malla. El cabo saltó contra la borda y desapareció bajo la espuma. Aseguró el resto del paño al rodillo y cambió el ángulo del cabo cuando el cabrestante patinó una vuelta. Maja sostuvo la popa contra el flujo hasta que el extremo peligroso quedó libre de la hélice.
B	cap-37.md	145	cuerda|\bcabo\b|cuchillo|navaja|cuchilla|\bhoja\b|\barma\b|\bcoche\b|\bgas\b|escape|ferry|naust|\bagua\b|\bmar\b|fiordo|hielo|fr[íi]o|acantilado|puente|carretera|Koppangen|\bUNN\b	La voz de Jean regresó por el altavoz, deformada por la distancia. Maja distinguió una pausa. Después el mar volvió a cubrirla.
B	cap-38.md	75	cuerda|\bcabo\b|cuchillo|navaja|cuchilla|\bhoja\b|\barma\b|\bcoche\b|\bgas\b|escape|ferry|naust|\bagua\b|\bmar\b|fiordo|hielo|fr[íi]o|acantilado|puente|carretera|Koppangen|\bUNN\b	Las continuidades que actuaban por las 2.311 rutas enlazadas consintieron mediante adhesiones individuales bajo condiciones finales. Ahí están `/0000` y la ruta de la continuidad que volvió tras retirarse. Después del cierre comparten un estado común irreversible sin decisión separada. Otras 597 corresponden a ramas de Coro. Las tres restantes, a Cuchillo, Madre y Nieve bajo `/0188`, `/0007` y `/0311`.
B	cap-38.md	77	cuerda|\bcabo\b|cuchillo|navaja|cuchilla|\bhoja\b|\barma\b|\bcoche\b|\bgas\b|escape|ferry|naust|\bagua\b|\bmar\b|fiordo|hielo|fr[íi]o|acantilado|puente|carretera|Koppangen|\bUNN\b	Las 597 ramas activas de Coro conservan una ventana cada una. Cuchillo, Madre y Nieve también reciben la suya. Las rutas perdidas no tienen vía para responder.
B	cap-38.md	97	cuerda|\bcabo\b|cuchillo|navaja|cuchilla|\bhoja\b|\barma\b|\bcoche\b|\bgas\b|escape|ferry|naust|\bagua\b|\bmar\b|fiordo|hielo|fr[íi]o|acantilado|puente|carretera|Koppangen|\bUNN\b	Cuchillo recibe una ventana dentro de la contención.
B	cap-38.md	101	cuerda|\bcabo\b|cuchillo|navaja|cuchilla|\bhoja\b|\barma\b|\bcoche\b|\bgas\b|escape|ferry|naust|\bagua\b|\bmar\b|fiordo|hielo|fr[íi]o|acantilado|puente|carretera|Koppangen|\bUNN\b	Cuchillo abre los expedientes que conserva. Peticiones de auxilio convertidas en material de moderación. Historias que terminan cuando el formulario obtiene una categoría.
B	cap-38.md	111	cuerda|\bcabo\b|cuchillo|navaja|cuchilla|\bhoja\b|\barma\b|\bcoche\b|\bgas\b|escape|ferry|naust|\bagua\b|\bmar\b|fiordo|hielo|fr[íi]o|acantilado|puente|carretera|Koppangen|\bUNN\b	Cuchillo consiente con ese hueco. A la continuidad pasan su furia y la prohibición de inventar qué ocurrió después.
A	cap-38.md	147	descans|\bpaz\b|liberaci|liber[óo]|alivio|por fin|al fin\b|l[óo]gic|coherente con ella|valiente|cobard|ego[íi]s|d[ée]bil|no pudo m[áa]s|mejor as[íi]|mejor muerta	Al fin aparece una frase.
B	cap-38.md	177	cuerda|\bcabo\b|cuchillo|navaja|cuchilla|\bhoja\b|\barma\b|\bcoche\b|\bgas\b|escape|ferry|naust|\bagua\b|\bmar\b|fiordo|hielo|fr[íi]o|acantilado|puente|carretera|Koppangen|\bUNN\b	Si ejecuto NORNA, no habrá molde que anticipe la respuesta ni decisores separados a los que volver a preguntar. La continuidad tendrá que respetar las reservas de Coro, la espera de Madre y el campo vacío de Cuchillo en una sola salida. La latencia crecerá con cada consulta.
B	cap-39.md	21	cuerda|\bcabo\b|cuchillo|navaja|cuchilla|\bhoja\b|\barma\b|\bcoche\b|\bgas\b|escape|ferry|naust|\bagua\b|\bmar\b|fiordo|hielo|fr[íi]o|acantilado|puente|carretera|Koppangen|\bUNN\b	El 25, el consejo solicitó la apertura de `rekonstruksjonsforhandling`. En paralelo pidió una `midlertidig forføyning` que prohibiera transferir o alterar NIDHOGG y permitiera preservarlo. Al día siguiente, el tribunal exigió precisión. Cuánto costaba mantener la ejecución con frío, quién garantizaba ese dinero y con qué facultad iban a gastarlo.
B	cap-39.md	101	cuerda|\bcabo\b|cuchillo|navaja|cuchilla|\bhoja\b|\barma\b|\bcoche\b|\bgas\b|escape|ferry|naust|\bagua\b|\bmar\b|fiordo|hielo|fr[íi]o|acantilado|puente|carretera|Koppangen|\bUNN\b	Tomas presentó el carné y la exportación. El paquete del vehículo de Gunnar documentaba un mecanismo probado que había forzado once segundos de diagnóstico, alterado el retorno seguro y usado una hoja de Hvelv dentro de la contratación de Kronfjord. Los registros de emisión de Hvelv devolvieron la ruta de firma y las guardias activas. En las delegaciones de Kronfjord constaban la instrucción de «diligencia de activo crítico», el cliente Armstrong y el centro de coste.
B	cap-39.md	143	cuerda|\bcabo\b|cuchillo|navaja|cuchilla|\bhoja\b|\barma\b|\bcoche\b|\bgas\b|escape|ferry|naust|\bagua\b|\bmar\b|fiordo|hielo|fr[íi]o|acantilado|puente|carretera|Koppangen|\bUNN\b	Una técnica conectó una sonda precintada y abrió una sola tarea de comprobación. La pantalla dibujó su traza. Mientras seguía abierta, la segunda línea eléctrica tomó carga. Cambió la curva térmica y la bomba corrigió el retorno. El cierre quedó marcado cuando el sistema recuperó su régimen. La línea de salida no recibió marca. Aquella operación necesitó el sustrato y los controladores. También el frío y la persona que la vigilaba.
B	cap-39.md	169	cuerda|\bcabo\b|cuchillo|navaja|cuchilla|\bhoja\b|\barma\b|\bcoche\b|\bgas\b|escape|ferry|naust|\bagua\b|\bmar\b|fiordo|hielo|fr[íi]o|acantilado|puente|carretera|Koppangen|\bUNN\b	El 2 de febrero, la resolución constituyó el depósito judicial en la propia instalación. La caja controlada pagaría suministro, frío, repuestos y personal autorizado. Un protocolo cubriría urgencias y registraría cada acceso. Los demás cambios necesitarían autorización.
B	cap-39.md	173	cuerda|\bcabo\b|cuchillo|navaja|cuchilla|\bhoja\b|\barma\b|\bcoche\b|\bgas\b|escape|ferry|naust|\bagua\b|\bmar\b|fiordo|hielo|fr[íi]o|acantilado|puente|carretera|Koppangen|\bUNN\b	El tribunal ordenó preparar una ventana supervisada de audio y texto para futuras visitas, siempre bajo autorización posterior. También autorizó la instalación de un sensor audiovisual bajo el alero del naust. Su enlace sería unidireccional, aislado de los controles y permanecería sin señal hasta otra decisión.
A	cap-39.md	185	descans|\bpaz\b|liberaci|liber[óo]|alivio|por fin|al fin\b|l[óo]gic|coherente con ella|valiente|cobard|ego[íi]s|d[ée]bil|no pudo m[áa]s|mejor as[íi]|mejor muerta	La primera línea salió débil. Probó de nuevo en el resguardo y escribió su nombre. La jueza esperó a que la secretaria cerrara el registro y tomó la palabra.
B	cap-39.md	191	cuerda|\bcabo\b|cuchillo|navaja|cuchilla|\bhoja\b|\barma\b|\bcoche\b|\bgas\b|escape|ferry|naust|\bagua\b|\bmar\b|fiordo|hielo|fr[íi]o|acantilado|puente|carretera|Koppangen|\bUNN\b	Esa tarde, un instalador fijó el sensor bajo el alero del naust. Cubrió la lente y comprobó la pérdida de imagen. La señal siguió cerrada.
B	cap-40.md	31	cuerda|\bcabo\b|cuchillo|navaja|cuchilla|\bhoja\b|\barma\b|\bcoche\b|\bgas\b|escape|ferry|naust|\bagua\b|\bmar\b|fiordo|hielo|fr[íi]o|acantilado|puente|carretera|Koppangen|\bUNN\b	Nora llevaba una hoja doblada dentro de la mochila. La noche anterior había escrito una pregunta, la había corregido dos veces y había acabado anotando debajo el primer compás de la pieza. Frente al altavoz, hasta la versión falsa que preparó para comprobar una respuesta le pareció una trampa.
B	cap-40.md	45	explica|fases del duelo|superar|cerrar el duelo|pasar p[áa]gina|seguir adelante|sanar|curar|se[ñn]ales|pod[íi]ais haber|si hubier|deber[íi]ais	La voz conservaba el timbre de Jean, pero no el aire ni las pequeñas asperezas de una boca. Entre las dos palabras había una separación que podía pertenecer al sintetizador, a la carga o a la continuidad. Nora no escogió una explicación.
A	cap-40.md	65	se fue|se ha ido|nos dej[óo]|nos ha dejado|demasiado pronto|perdimos a	Entró antes de tiempo con la mano izquierda y corrigió sobre la marcha. Su profesora había escrito `respira` sobre aquel compás. En la tercera línea, Nora pisó el pedal demasiado pronto y cortó la resonancia al levantarlo. El impulso de empezar otra vez duró hasta la nota siguiente.
B	cap-40.md	93	cuerda|\bcabo\b|cuchillo|navaja|cuchilla|\bhoja\b|\barma\b|\bcoche\b|\bgas\b|escape|ferry|naust|\bagua\b|\bmar\b|fiordo|hielo|fr[íi]o|acantilado|puente|carretera|Koppangen|\bUNN\b	En el aparcamiento había dos periodistas junto a la barrera. Uno alzó el micrófono por encima del techo del coche mientras el fotógrafo buscaba el teclado en el maletero.
B	cap-40.md	101	cuerda|\bcabo\b|cuchillo|navaja|cuchilla|\bhoja\b|\barma\b|\bcoche\b|\bgas\b|escape|ferry|naust|\bagua\b|\bmar\b|fiordo|hielo|fr[íi]o|acantilado|puente|carretera|Koppangen|\bUNN\b	La puerta aisló las voces. Antes del primer cruce, el teléfono de Nora mostró una fotografía del coche y el titular `NORNA DEVUELVE A LARSSON: LA MUERTE QUE HUNDIÓ ARMSTRONG`. Marcó la noticia como información falsa.
B	cap-40.md	103	explica|fases del duelo|superar|cerrar el duelo|pasar p[áa]gina|seguir adelante|sanar|curar|se[ñn]ales|pod[íi]ais haber|si hubier|deber[íi]ais	Llegaron tres solicitudes de entrevista y una invitación a explicar en directo «qué había sentido». Nora las dejó sin respuesta y escribió a su profesora que llegaría al ensayo de la tarde.
B	cap-40.md	111	pecho|desnud|bes[óo]|\bbeso|guapa|labios|piernas|muslo|sujetador|ropa interior|\bsexo|sexual|novi[oa]s?\b	Se sentó en el suelo, con el hombro contra la pared y las piernas dobladas. Desde allí no alcanzaba la mesa. El altavoz quedaba encima de su cabeza. La funcionaria activó el canal y el piloto pasó a verde.
A	cap-40.md	133	Despedida|nota de despedida|carta de despedida|mensaje de despedida|adi[óo]s|[úu]ltimo mensaje|[úu]ltima frase|[úu]ltimas palabras	Una tarde encontró otra vez únicamente el nombre `Despedida`. No abrió el archivo. Restringió el acceso, decidió conservarlo y fue a poner la mesa para cenar.
B	cap-40.md	143	cuerda|\bcabo\b|cuchillo|navaja|cuchilla|\bhoja\b|\barma\b|\bcoche\b|\bgas\b|escape|ferry|naust|\bagua\b|\bmar\b|fiordo|hielo|fr[íi]o|acantilado|puente|carretera|Koppangen|\bUNN\b	Maja esperó a que dejara el sobre junto a su abrigo y le enseñó dos fotografías del hastial del naust. Aslak pidió una medida y propuso el jueves siguiente. Maja aceptó el trabajo.
B	cap-40.md	145	cuerda|\bcabo\b|cuchillo|navaja|cuchilla|\bhoja\b|\barma\b|\bcoche\b|\bgas\b|escape|ferry|naust|\bagua\b|\bmar\b|fiordo|hielo|fr[íi]o|acantilado|puente|carretera|Koppangen|\bUNN\b	En Koppangen, Aslak introdujo una palanca bajo la primera tabla mientras Nora sujetaba la pieza nueva contra el muro. Jessie acercó los tornillos. La madera podrida se abrió alrededor de dos clavos y dejó caer serrín húmedo sobre las botas.
B	cap-40.md	163	cuerda|\bcabo\b|cuchillo|navaja|cuchilla|\bhoja\b|\barma\b|\bcoche\b|\bgas\b|escape|ferry|naust|\bagua\b|\bmar\b|fiordo|hielo|fr[íi]o|acantilado|puente|carretera|Koppangen|\bUNN\b	Desde el embarcadero se distinguía la carcasa del sensor judicial bajo el alero del naust. La lente encuadraba un fragmento del muelle y el cable desaparecía en el transmisor precintado.
B	cap-40.md	167	cuerda|\bcabo\b|cuchillo|navaja|cuchilla|\bhoja\b|\barma\b|\bcoche\b|\bgas\b|escape|ferry|naust|\bagua\b|\bmar\b|fiordo|hielo|fr[íi]o|acantilado|puente|carretera|Koppangen|\bUNN\b	En marzo, Nora entregó el teléfono apagado en Kongsbakken y entró con el teclado. Cuando volvió al pasillo, Maja le ofreció agua y Jessie cargó con la funda.
B	cap-40.md	175	cuerda|\bcabo\b|cuchillo|navaja|cuchilla|\bhoja\b|\barma\b|\bcoche\b|\bgas\b|escape|ferry|naust|\bagua\b|\bmar\b|fiordo|hielo|fr[íi]o|acantilado|puente|carretera|Koppangen|\bUNN\b	Tomaron la carretera hacia Breivikeidet después de comer en el coche. Aslak estaba con la asociación en la segunda sesión de la consulta. En Koppangen, las tablas nuevas del naust conservaban un color pálido junto a las antiguas.
B	cap-40.md	185	cuerda|\bcabo\b|cuchillo|navaja|cuchilla|\bhoja\b|\barma\b|\bcoche\b|\bgas\b|escape|ferry|naust|\bagua\b|\bmar\b|fiordo|hielo|fr[íi]o|acantilado|puente|carretera|Koppangen|\bUNN\b	En la convocatoria aparecían los otros tres nombres y una lista de pasajes que todavía no habían logrado tocar sin detenerse. Nora apoyó el terminal judicial junto al cajón, cerró la funda y la dejó en el coche. Después marcó «asistiré» en la convocatoria del día siguiente.
B	cap-41.md	19	cuerda|\bcabo\b|cuchillo|navaja|cuchilla|\bhoja\b|\barma\b|\bcoche\b|\bgas\b|escape|ferry|naust|\bagua\b|\bmar\b|fiordo|hielo|fr[íi]o|acantilado|puente|carretera|Koppangen|\bUNN\b	Jessie había colocado el móvil sobre el tejado del naust para grabar el regreso del sol. Luego cargó con un extremo del soporte del teclado mientras Maja sujetaba el otro. Nora llevó la funda hasta la punta del embarcadero. Aslak dejó allí el cajón que usarían de mesa y la caja de la panadería.
B	cap-41.md	33	cuerda|\bcabo\b|cuchillo|navaja|cuchilla|\bhoja\b|\barma\b|\bcoche\b|\bgas\b|escape|ferry|naust|\bagua\b|\bmar\b|fiordo|hielo|fr[íi]o|acantilado|puente|carretera|Koppangen|\bUNN\b	Aslak volvió del naust, comprobó que el piloto de alimentación seguía verde y dejó la puerta entornada.
B	cap-41.md	35	cuerda|\bcabo\b|cuchillo|navaja|cuchilla|\bhoja\b|\barma\b|\bcoche\b|\bgas\b|escape|ferry|naust|\bagua\b|\bmar\b|fiordo|hielo|fr[íi]o|acantilado|puente|carretera|Koppangen|\bUNN\b	Apartó el alargador de un charco y lo fijó a una argolla con dos vueltas de cabo.
B	cap-41.md	37	cuerda|\bcabo\b|cuchillo|navaja|cuchilla|\bhoja\b|\barma\b|\bcoche\b|\bgas\b|escape|ferry|naust|\bagua\b|\bmar\b|fiordo|hielo|fr[íi]o|acantilado|puente|carretera|Koppangen|\bUNN\b	—Si se apaga, será por frío —dijo.
B	cap-41.md	43	cuerda|\bcabo\b|cuchillo|navaja|cuchilla|\bhoja\b|\barma\b|\bcoche\b|\bgas\b|escape|ferry|naust|\bagua\b|\bmar\b|fiordo|hielo|fr[íi]o|acantilado|puente|carretera|Koppangen|\bUNN\b	La cámara y su micrófono estaban bajo el alero del naust. El terminal fijaba noventa segundos de imagen y sonido en una sola dirección, desde el sensor local hasta el depósito judicial en NIDHOGG. Nora seguía decidiendo cuándo tocar y ensayar.
B	cap-41.md	91	cuerda|\bcabo\b|cuchillo|navaja|cuchilla|\bhoja\b|\barma\b|\bcoche\b|\bgas\b|escape|ferry|naust|\bagua\b|\bmar\b|fiordo|hielo|fr[íi]o|acantilado|puente|carretera|Koppangen|\bUNN\b	Jessie protestó con la boca llena. Aslak se sentó en el umbral y sacó el gofre frío que había traído del ferry. Lo partió y ofreció la mitad a Maja.
B	cap-41.md	107	cuerda|\bcabo\b|cuchillo|navaja|cuchilla|\bhoja\b|\barma\b|\bcoche\b|\bgas\b|escape|ferry|naust|\bagua\b|\bmar\b|fiordo|hielo|fr[íi]o|acantilado|puente|carretera|Koppangen|\bUNN\b	El sol quedó sobre el muelle hasta que la ladera volvió a ocultarlo. Metieron la caja vacía en el naust. Nora no pidió el registro. Cerró la funda del teclado.
